,img,hash
0,/Users/ck-intosh/Downloads/COMP_8157/Project/Project_work/raw_dataset/leaf_rust/LR_1029.jpg,-464a4a4b0b9ecf20-2ce65dcb6bbede5e
1,/Users/ck-intosh/Downloads/COMP_8157/Project/Project_work/raw_dataset/leaf_rust/LR_541.jpg,73736343c3c3c3c3-6069cfe0dfdf4fd
2,/Users/ck-intosh/Downloads/COMP_8157/Project/Project_work/raw_dataset/leaf_rust/LR_28.jpg,3b69352737ab77b33bdb994d36a8fcd3
3,/Users/ck-intosh/Downloads/COMP_8157/Project/Project_work/raw_dataset/leaf_rust/LR_14.jpg,299db4d47691f526639d70bbec01d13f
4,/Users/ck-intosh/Downloads/COMP_8157/Project/Project_work/raw_dataset/leaf_rust/LR_596.jpg,-2f754376dbd64776-386003657e938080
5,/Users/ck-intosh/Downloads/COMP_8157/Project/Project_work/raw_dataset/leaf_rust/LR_582.jpg,1e3b3b39191b0929-6b2787856ac1e7a0
6,/Users/ck-intosh/Downloads/COMP_8157/Project/Project_work/raw_dataset/leaf_rust/LR_1203.jpg,-2d1d544ccecae4f1-672fb77f7c1bfcda
7,/Users/ck-intosh/Downloads/COMP_8157/Project/Project_work/raw_dataset/leaf_rust/LR_1565.jpg,-70640b1e181c3c80000b0cd1e58c478
8,/Users/ck-intosh/Downloads/COMP_8157/Project/Project_work/raw_dataset/leaf_rust/LR_1571.jpg,-3b747c8dfeb7ae6c-3a846739c8933cfe
9,/Users/ck-intosh/Downloads/COMP_8157/Project/Project_work/raw_dataset/leaf_rust/LR_1217.jpg,666d6dcc5a56925646602c8dc1df3ff0
10,/Users/ck-intosh/Downloads/COMP_8157/Project/Project_work/raw_dataset/leaf_rust/LR_1559.jpg,-46c4e4ed4eadc9d0-6a163787defc017f
11,/Users/ck-intosh/Downloads/COMP_8157/Project/Project_work/raw_dataset/leaf_rust/LR_757.jpg,788adbcdd3da712d-2d1edf6e8771d87
12,/Users/ck-intosh/Downloads/COMP_8157/Project/Project_work/raw_dataset/leaf_rust/LR_743.jpg,54b4b212d061d655130dfc6290418eff
13,/Users/ck-intosh/Downloads/COMP_8157/Project/Project_work/raw_dataset/leaf_rust/LR_970.jpg,-5e1c5d1d3b3b3e5f-52b8c0dd727b3b78
14,/Users/ck-intosh/Downloads/COMP_8157/Project/Project_work/raw_dataset/leaf_rust/LR_964.jpg,7078d06915a9b1a80038d0eb141c67ff
15,/Users/ck-intosh/Downloads/COMP_8157/Project/Project_work/raw_dataset/leaf_rust/LR_0.jpg,-1685c7c4cfad1d3d-103da745d38efc8d
16,/Users/ck-intosh/Downloads/COMP_8157/Project/Project_work/raw_dataset/leaf_rust/LR_794.jpg,-331252d9b99bdbd3-69e7164dfdbabf94
17,/Users/ck-intosh/Downloads/COMP_8157/Project/Project_work/raw_dataset/leaf_rust/LR_958.jpg,-4b49555555d7bfb02514bfc2f8f820ff
18,/Users/ck-intosh/Downloads/COMP_8157/Project/Project_work/raw_dataset/leaf_rust/LR_780.jpg,3232175532d24959-3195c1eb9fd91101
19,/Users/ck-intosh/Downloads/COMP_8157/Project/Project_work/raw_dataset/leaf_rust/LR_1377.jpg,-3d5c723335333b3a-2318c4f39d34e2f4
20,/Users/ck-intosh/Downloads/COMP_8157/Project/Project_work/raw_dataset/leaf_rust/LR_179.jpg,-6ced6c365b9d1b3c0032e719803b20ac
21,/Users/ck-intosh/Downloads/COMP_8157/Project/Project_work/raw_dataset/leaf_rust/LR_1411.jpg,299db4d47691f526639d70bbec01d13f
22,/Users/ck-intosh/Downloads/COMP_8157/Project/Project_work/raw_dataset/leaf_rust/LR_1405.jpg,1e3b3b39191b0929-6b2787856ac1e7a0
23,/Users/ck-intosh/Downloads/COMP_8157/Project/Project_work/raw_dataset/leaf_rust/LR_1363.jpg,717171717161f1f1-657da2269dd1f0c5
24,/Users/ck-intosh/Downloads/COMP_8157/Project/Project_work/raw_dataset/leaf_rust/LR_145.jpg,45c5d3a8a8d8a95862ed006fa384a911
25,/Users/ck-intosh/Downloads/COMP_8157/Project/Project_work/raw_dataset/leaf_rust/LR_623.jpg,61656161612121210081c00103010077
26,/Users/ck-intosh/Downloads/COMP_8157/Project/Project_work/raw_dataset/leaf_rust/LR_637.jpg,-6c33360c993344cf3f1c19f3eecc9a33
27,/Users/ck-intosh/Downloads/COMP_8157/Project/Project_work/raw_dataset/leaf_rust/LR_1439.jpg,6da9696c602aaabc7598a31dc1402b3c
28,/Users/ck-intosh/Downloads/COMP_8157/Project/Project_work/raw_dataset/leaf_rust/LR_151.jpg,6f7f66ccf87ce2e5-60849d73449f3f01
29,/Users/ck-intosh/Downloads/COMP_8157/Project/Project_work/raw_dataset/leaf_rust/LR_804.jpg,73736343c3c3c3c3-e069dfe0dfdf4fd
30,/Users/ck-intosh/Downloads/COMP_8157/Project/Project_work/raw_dataset/leaf_rust/LR_810.jpg,6459c4e555d1d1cb-3b84ff5f8316aa01
31,/Users/ck-intosh/Downloads/COMP_8157/Project/Project_work/raw_dataset/leaf_rust/LR_1388.jpg,-94952f4fe7dc9c70d86e5fa0f03847e
32,/Users/ck-intosh/Downloads/COMP_8157/Project/Project_work/raw_dataset/leaf_rust/LR_186.jpg,3452748a81264248245be4be1be70608
33,/Users/ck-intosh/Downloads/COMP_8157/Project/Project_work/raw_dataset/leaf_rust/LR_838.jpg,2b61658191764c4c2b03ffff00028eff
34,/Users/ck-intosh/Downloads/COMP_8157/Project/Project_work/raw_dataset/leaf_rust/LR_192.jpg,761aaea60b2b2ab9-1bcff7fbe1c78101
35,/Users/ck-intosh/Downloads/COMP_8157/Project/Project_work/raw_dataset/leaf_rust/LR_1613.jpg,-6626a7a7ae959697612b8a105158016b
36,/Users/ck-intosh/Downloads/COMP_8157/Project/Project_work/raw_dataset/leaf_rust/LR_1175.jpg,0f5a020aa8f5606200fff71e0a9c8160
37,/Users/ck-intosh/Downloads/COMP_8157/Project/Project_work/raw_dataset/leaf_rust/LR_1161.jpg,-3b747c8dfeb7ae6c-3a846739c8933cfe
38,/Users/ck-intosh/Downloads/COMP_8157/Project/Project_work/raw_dataset/leaf_rust/LR_409.jpg,-17971796d7938bcc-599a7d1ffc55be1d
39,/Users/ck-intosh/Downloads/COMP_8157/Project/Project_work/raw_dataset/leaf_rust/LR_1607.jpg,-d08496bd6fca9dc-708997b1edcefad
40,/Users/ck-intosh/Downloads/COMP_8157/Project/Project_work/raw_dataset/leaf_rust/LR_421.jpg,-4de74e4c381939e40640d137f8e48603
41,/Users/ck-intosh/Downloads/COMP_8157/Project/Project_work/raw_dataset/leaf_rust/LR_1149.jpg,696aa864a4aeaded-7e9155b3da3dd747
42,/Users/ck-intosh/Downloads/COMP_8157/Project/Project_work/raw_dataset/leaf_rust/LR_347.jpg,-753a011bbffbfbe86e0fffe401800738
43,/Users/ck-intosh/Downloads/COMP_8157/Project/Project_work/raw_dataset/leaf_rust/LR_353.jpg,07c2b319ccd9f1a1-0a0fd00f0e7ff60
44,/Users/ck-intosh/Downloads/COMP_8157/Project/Project_work/raw_dataset/leaf_rust/LR_435.jpg,536aa65153394d9c1458ac45c2324fff
45,/Users/ck-intosh/Downloads/COMP_8157/Project/Project_work/raw_dataset/leaf_rust/LR_384.jpg,-4c0d8e8b8b078f8e25a7e30764808106
46,/Users/ck-intosh/Downloads/COMP_8157/Project/Project_work/raw_dataset/leaf_rust/LR_390.jpg,5a4858343564258c7ec998f231d267a4
47,/Users/ck-intosh/Downloads/COMP_8157/Project/Project_work/raw_dataset/leaf_rust/LR_391.jpg,2a2a46c6dce03b10-10fd8400cf7b05fe
48,/Users/ck-intosh/Downloads/COMP_8157/Project/Project_work/raw_dataset/leaf_rust/LR_385.jpg,-4eaeaaaeacaecc4a00d280050001412c
49,/Users/ck-intosh/Downloads/COMP_8157/Project/Project_work/raw_dataset/leaf_rust/LR_352.jpg,-5a0a3a9a9c8aaaeb-414d6e62501c3ebf
50,/Users/ck-intosh/Downloads/COMP_8157/Project/Project_work/raw_dataset/leaf_rust/LR_434.jpg,0e4633084e6a4a450000f72710201afe
51,/Users/ck-intosh/Downloads/COMP_8157/Project/Project_work/raw_dataset/leaf_rust/LR_420.jpg,2a2a46c6dce03b10-10fd8400cf7b05fe
52,/Users/ck-intosh/Downloads/COMP_8157/Project/Project_work/raw_dataset/leaf_rust/LR_346.jpg,-6a69697f9f9f9ac7-04fcb64601cb398
53,/Users/ck-intosh/Downloads/COMP_8157/Project/Project_work/raw_dataset/leaf_rust/LR_1148.jpg,-7569796e627d7c3d-762e01888ed1c2c2
54,/Users/ck-intosh/Downloads/COMP_8157/Project/Project_work/raw_dataset/leaf_rust/LR_1160.jpg,-3c34bcac4db95f5630a9e801bbc48568
55,/Users/ck-intosh/Downloads/COMP_8157/Project/Project_work/raw_dataset/leaf_rust/LR_1606.jpg,-736727272d29993a2e3c7c19039040c6
56,/Users/ck-intosh/Downloads/COMP_8157/Project/Project_work/raw_dataset/leaf_rust/LR_408.jpg,-2f754376dbd64776-386003657e938080
57,/Users/ck-intosh/Downloads/COMP_8157/Project/Project_work/raw_dataset/leaf_rust/LR_1612.jpg,34346c5c9898989a52e7ee6c10c06471
58,/Users/ck-intosh/Downloads/COMP_8157/Project/Project_work/raw_dataset/leaf_rust/LR_1174.jpg,34346c5c9898989a52e7ee6c10c06471
59,/Users/ck-intosh/Downloads/COMP_8157/Project/Project_work/raw_dataset/leaf_rust/LR_193.jpg,285cdcf89cead311-5be0000ff5f37ec
60,/Users/ck-intosh/Downloads/COMP_8157/Project/Project_work/raw_dataset/leaf_rust/LR_187.jpg,09412f192a6b0dc77f012c15f0e33f98
61,/Users/ck-intosh/Downloads/COMP_8157/Project/Project_work/raw_dataset/leaf_rust/LR_1389.jpg,313a3dd9b5a694ac053e2dd8f30753be
62,/Users/ck-intosh/Downloads/COMP_8157/Project/Project_work/raw_dataset/leaf_rust/LR_839.jpg,192c201058698989-2cf3fcff2fbdfff7
63,/Users/ck-intosh/Downloads/COMP_8157/Project/Project_work/raw_dataset/leaf_rust/LR_811.jpg,-5e1c5d393a3d5ecf-52b8d0f57a2b7701
64,/Users/ck-intosh/Downloads/COMP_8157/Project/Project_work/raw_dataset/leaf_rust/LR_805.jpg,6d2d1558331a2344-3a1708227c8f5002
65,/Users/ck-intosh/Downloads/COMP_8157/Project/Project_work/raw_dataset/leaf_rust/LR_1438.jpg,0e4633084e6a4a450000f72710201afe
66,/Users/ck-intosh/Downloads/COMP_8157/Project/Project_work/raw_dataset/leaf_rust/LR_636.jpg,-4b5a1a1ab82313227cf7ff310e716dff
67,/Users/ck-intosh/Downloads/COMP_8157/Project/Project_work/raw_dataset/leaf_rust/LR_150.jpg,-753e74757d7d59f9-5fbee20d1d2dffff
68,/Users/ck-intosh/Downloads/COMP_8157/Project/Project_work/raw_dataset/leaf_rust/LR_144.jpg,0e4633084e6a4a450000f72710201afe
69,/Users/ck-intosh/Downloads/COMP_8157/Project/Project_work/raw_dataset/leaf_rust/LR_622.jpg,-3afa9965515376ae-2668b0acd95a47fe
70,/Users/ck-intosh/Downloads/COMP_8157/Project/Project_work/raw_dataset/leaf_rust/LR_1404.jpg,-46868283830b43c3-4804006981786113
71,/Users/ck-intosh/Downloads/COMP_8157/Project/Project_work/raw_dataset/leaf_rust/LR_1362.jpg,1f432031a25fa71e-120fedc7c8cf0c4
72,/Users/ck-intosh/Downloads/COMP_8157/Project/Project_work/raw_dataset/leaf_rust/LR_178.jpg,-dce0a4b091a12bf-71c7048c6f7b3201
73,/Users/ck-intosh/Downloads/COMP_8157/Project/Project_work/raw_dataset/leaf_rust/LR_1376.jpg,7b54b7b6a2e81c36-15aee800007ff6ff
74,/Users/ck-intosh/Downloads/COMP_8157/Project/Project_work/raw_dataset/leaf_rust/LR_1410.jpg,64223131b999cdc9-235113ba9dcdcf01
75,/Users/ck-intosh/Downloads/COMP_8157/Project/Project_work/raw_dataset/leaf_rust/LR_781.jpg,2a2a23434a481c30-7fff5ff9ff70f060
76,/Users/ck-intosh/Downloads/COMP_8157/Project/Project_work/raw_dataset/leaf_rust/LR_959.jpg,2e7317570bb63fb7-79dfefaf669f701
77,/Users/ck-intosh/Downloads/COMP_8157/Project/Project_work/raw_dataset/leaf_rust/LR_795.jpg,-2e4a4c4d4dda5657-2fba6bacf99b3301
78,/Users/ck-intosh/Downloads/COMP_8157/Project/Project_work/raw_dataset/leaf_rust/LR_1.jpg,-315367a35343e6e75e8cf3da0c81d4ff
79,/Users/ck-intosh/Downloads/COMP_8157/Project/Project_work/raw_dataset/leaf_rust/LR_965.jpg,642d2d8ca08a8aa4-7d1f93001e8f6011
80,/Users/ck-intosh/Downloads/COMP_8157/Project/Project_work/raw_dataset/leaf_rust/LR_971.jpg,-2d2861230e3cedf0-3e38c0071e76f990
81,/Users/ck-intosh/Downloads/COMP_8157/Project/Project_work/raw_dataset/leaf_rust/LR_742.jpg,-6f6f3f6f77e3756666310007877fe0e0
82,/Users/ck-intosh/Downloads/COMP_8157/Project/Project_work/raw_dataset/leaf_rust/LR_756.jpg,1937374353b5a1cb0094646ddaff3f82
83,/Users/ck-intosh/Downloads/COMP_8157/Project/Project_work/raw_dataset/leaf_rust/LR_1558.jpg,6261feff8c7973eb0c0f00c00ff970f0
84,/Users/ck-intosh/Downloads/COMP_8157/Project/Project_work/raw_dataset/leaf_rust/LR_1570.jpg,-674bc7cd15b1b3a701a07d27e308cc80
85,/Users/ck-intosh/Downloads/COMP_8157/Project/Project_work/raw_dataset/leaf_rust/LR_1216.jpg,-12ba0aa1453c3556-55e31aff8ffa7975
86,/Users/ck-intosh/Downloads/COMP_8157/Project/Project_work/raw_dataset/leaf_rust/LR_1202.jpg,0404041414140c0c0c1c080c14140010
87,/Users/ck-intosh/Downloads/COMP_8157/Project/Project_work/raw_dataset/leaf_rust/LR_1564.jpg,-12ba0aa1453c3556-55e31aff8ffa7975
88,/Users/ck-intosh/Downloads/COMP_8157/Project/Project_work/raw_dataset/leaf_rust/LR_583.jpg,-119b8a4b294acec8-7fb387f423f90001
89,/Users/ck-intosh/Downloads/COMP_8157/Project/Project_work/raw_dataset/leaf_rust/LR_15.jpg,-70640b1e181c3c80000b0cd1e58c478
90,/Users/ck-intosh/Downloads/COMP_8157/Project/Project_work/raw_dataset/leaf_rust/LR_597.jpg,-46068283830b43c3-4804006981786113
91,/Users/ck-intosh/Downloads/COMP_8157/Project/Project_work/raw_dataset/leaf_rust/LR_29.jpg,-3a3a3a303b7b7b7c-472808013f3f7f00
92,/Users/ck-intosh/Downloads/COMP_8157/Project/Project_work/raw_dataset/leaf_rust/LR_1028.jpg,38f8bca969ebdae86343f40141e89208
93,/Users/ck-intosh/Downloads/COMP_8157/Project/Project_work/raw_dataset/leaf_rust/LR_226.jpg,2a2a46c6dce03b10-10fd8400cf7b05fe
94,/Users/ck-intosh/Downloads/COMP_8157/Project/Project_work/raw_dataset/leaf_rust/LR_540.jpg,6545615594cd461c08ddea7b009dceff
95,/Users/ck-intosh/Downloads/COMP_8157/Project/Project_work/raw_dataset/leaf_rust/LR_554.jpg,-710ff7876c9933e73ec018f81364ceff
96,/Users/ck-intosh/Downloads/COMP_8157/Project/Project_work/raw_dataset/leaf_rust/LR_232.jpg,0f96476d9b5fad6a0bb01c40205eb1ff
97,/Users/ck-intosh/Downloads/COMP_8157/Project/Project_work/raw_dataset/leaf_rust/LR_1014.jpg,101899199849596f04008202128813e2
98,/Users/ck-intosh/Downloads/COMP_8157/Project/Project_work/raw_dataset/leaf_rust/LR_1772.jpg,-1515b7cdcc393365-1d41f7048c597372
99,/Users/ck-intosh/Downloads/COMP_8157/Project/Project_work/raw_dataset/leaf_rust/LR_568.jpg,5345d1aad695a6e5-18c3aa7fb92ce140
100,/Users/ck-intosh/Downloads/COMP_8157/Project/Project_work/raw_dataset/leaf_rust/LR_1766.jpg,-3afa9965515376ae-2668b0acd95a47fe
101,/Users/ck-intosh/Downloads/COMP_8157/Project/Project_work/raw_dataset/leaf_rust/LR_1000.jpg,69f5d5efcb5ef4714a09377d8f1ffe73
102,/Users/ck-intosh/Downloads/COMP_8157/Project/Project_work/raw_dataset/leaf_rust/LR_533.jpg,-57575757575b5b3c1b2b77312089a7bf
103,/Users/ck-intosh/Downloads/COMP_8157/Project/Project_work/raw_dataset/leaf_rust/LR_255.jpg,1c353262cb1990ac38ff77668c1156ff
104,/Users/ck-intosh/Downloads/COMP_8157/Project/Project_work/raw_dataset/leaf_rust/LR_241.jpg,7078d06915a9b1a80038d0eb141c67ff
105,/Users/ck-intosh/Downloads/COMP_8157/Project/Project_work/raw_dataset/leaf_rust/LR_527.jpg,111595960f0f0f0f0040fff70000001e
106,/Users/ck-intosh/Downloads/COMP_8157/Project/Project_work/raw_dataset/leaf_rust/LR_1729.jpg,-2fabaf8d8d8d8d8e0e0d1818101405c2
107,/Users/ck-intosh/Downloads/COMP_8157/Project/Project_work/raw_dataset/leaf_rust/LR_1701.jpg,52523ceb41ca1424655f78a0e18a9e14
108,/Users/ck-intosh/Downloads/COMP_8157/Project/Project_work/raw_dataset/leaf_rust/LR_1067.jpg,-d898f0e0d4e46c73f06ec0457c7c072
109,/Users/ck-intosh/Downloads/COMP_8157/Project/Project_work/raw_dataset/leaf_rust/LR_269.jpg,-7e7c3c1c0f673734733f1f8fe763bb91
110,/Users/ck-intosh/Downloads/COMP_8157/Project/Project_work/raw_dataset/leaf_rust/LR_1073.jpg,4352cacc8b2145e7-70f98df3e5ccefba
111,/Users/ck-intosh/Downloads/COMP_8157/Project/Project_work/raw_dataset/leaf_rust/LR_1715.jpg,582d1aaccacaebe3-2d52cd1bf42406ea
112,/Users/ck-intosh/Downloads/COMP_8157/Project/Project_work/raw_dataset/leaf_rust/LR_99.jpg,6dcda9a9713f87476adc23fb017000ff
113,/Users/ck-intosh/Downloads/COMP_8157/Project/Project_work/raw_dataset/leaf_rust/LR_72.jpg,123373548489898d1c3ffffe01009323
114,/Users/ck-intosh/Downloads/COMP_8157/Project/Project_work/raw_dataset/leaf_rust/LR_1098.jpg,-2e2e6eaeeecf2766-793f51fc0a9afe70
115,/Users/ck-intosh/Downloads/COMP_8157/Project/Project_work/raw_dataset/leaf_rust/LR_296.jpg,-55555555555555560022b0952c3ee7ff
116,/Users/ck-intosh/Downloads/COMP_8157/Project/Project_work/raw_dataset/leaf_rust/LR_282.jpg,761aaea60b2b2ab9-1bcff7faf9c78101
117,/Users/ck-intosh/Downloads/COMP_8157/Project/Project_work/raw_dataset/leaf_rust/LR_66.jpg,696aa864a4aeaded-7e9155b3da3dd747
118,/Users/ck-intosh/Downloads/COMP_8157/Project/Project_work/raw_dataset/leaf_rust/LR_1259.jpg,-36ce4e4d1c1f9f9f084c1d3402a1f0fd
119,/Users/ck-intosh/Downloads/COMP_8157/Project/Project_work/raw_dataset/leaf_rust/LR_731.jpg,-5e5a69c9e96de5b66b09886445b4b548
120,/Users/ck-intosh/Downloads/COMP_8157/Project/Project_work/raw_dataset/leaf_rust/LR_725.jpg,3d5d5e46424646e12331393870465c79
121,/Users/ck-intosh/Downloads/COMP_8157/Project/Project_work/raw_dataset/leaf_rust/LR_1265.jpg,-3b747c8dfeb7ae6c-3a846739c8933cfe
122,/Users/ck-intosh/Downloads/COMP_8157/Project/Project_work/raw_dataset/leaf_rust/LR_1503.jpg,-393d1e277a3485e5-62219084ce703f88
123,/Users/ck-intosh/Downloads/COMP_8157/Project/Project_work/raw_dataset/leaf_rust/LR_719.jpg,69692fb8e088080c-100080071ff804e4
124,/Users/ck-intosh/Downloads/COMP_8157/Project/Project_work/raw_dataset/leaf_rust/LR_1517.jpg,7272a3d028142c2e-7c2f00783cfffaf5
125,/Users/ck-intosh/Downloads/COMP_8157/Project/Project_work/raw_dataset/leaf_rust/LR_1271.jpg,-60e64a5ad191dbcb2e59f395b24a0ac5
126,/Users/ck-intosh/Downloads/COMP_8157/Project/Project_work/raw_dataset/leaf_rust/LR_916.jpg,4a061646e0041191-680cc013ff18081
127,/Users/ck-intosh/Downloads/COMP_8157/Project/Project_work/raw_dataset/leaf_rust/LR_902.jpg,7b54b7b6a2e81c36-15aee800007ff6ff
128,/Users/ck-intosh/Downloads/COMP_8157/Project/Project_work/raw_dataset/leaf_rust/LR_123.jpg,0e4633084e6a4a450000f72710201afe
129,/Users/ck-intosh/Downloads/COMP_8157/Project/Project_work/raw_dataset/leaf_rust/LR_645.jpg,-7e7e7fdd9fce9f7e-879fefd338b9e01
130,/Users/ck-intosh/Downloads/COMP_8157/Project/Project_work/raw_dataset/leaf_rust/LR_889.jpg,-7fbf8c0154041c1f-40f0feffffafff01
131,/Users/ck-intosh/Downloads/COMP_8157/Project/Project_work/raw_dataset/leaf_rust/LR_651.jpg,-2c0d0e0d8d4556dc-7e01ff70bd6f7c1f
132,/Users/ck-intosh/Downloads/COMP_8157/Project/Project_work/raw_dataset/leaf_rust/LR_137.jpg,09412f192a6b0dc77f012c15f0e33f98
133,/Users/ck-intosh/Downloads/COMP_8157/Project/Project_work/raw_dataset/leaf_rust/LR_1339.jpg,-170f1d3f78f0e3fe18e1e003831e30ff
134,/Users/ck-intosh/Downloads/COMP_8157/Project/Project_work/raw_dataset/leaf_rust/LR_1311.jpg,07466279cd8f6f17309c6ee3c99c8020
135,/Users/ck-intosh/Downloads/COMP_8157/Project/Project_work/raw_dataset/leaf_rust/LR_1477.jpg,5ad153602468296b-1fc669fc933aeef9
136,/Users/ck-intosh/Downloads/COMP_8157/Project/Project_work/raw_dataset/leaf_rust/LR_679.jpg,-3a3a3a303b7b7b7c-473808013f3f7f00
137,/Users/ck-intosh/Downloads/COMP_8157/Project/Project_work/raw_dataset/leaf_rust/LR_1463.jpg,-2ac9cd5b1aa96f2719d172a08f4c70f7
138,/Users/ck-intosh/Downloads/COMP_8157/Project/Project_work/raw_dataset/leaf_rust/LR_1305.jpg,3232286ce4e2e3f1-909ccd4860371e3
139,/Users/ck-intosh/Downloads/COMP_8157/Project/Project_work/raw_dataset/leaf_rust/LR_1488.jpg,6341002191cce56a-1f20ffb20840f279
140,/Users/ck-intosh/Downloads/COMP_8157/Project/Project_work/raw_dataset/leaf_rust/LR_686.jpg,-7565b585c54946672d041c431b040dff
141,/Users/ck-intosh/Downloads/COMP_8157/Project/Project_work/raw_dataset/leaf_rust/LR_692.jpg,56545555565555d72c423c7d421469e6
142,/Users/ck-intosh/Downloads/COMP_8157/Project/Project_work/raw_dataset/leaf_rust/LR_862.jpg,5b0b6b59582c7d5500b24fbfd22a28ff
143,/Users/ck-intosh/Downloads/COMP_8157/Project/Project_work/raw_dataset/leaf_rust/LR_876.jpg,-6c33360c993344cf3f1c19f3eecc9a33
144,/Users/ck-intosh/Downloads/COMP_8157/Project/Project_work/raw_dataset/leaf_rust/LR_1649.jpg,21990d86697393b3-180c80e12699ff3c
145,/Users/ck-intosh/Downloads/COMP_8157/Project/Project_work/raw_dataset/leaf_rust/LR_447.jpg,54b4b212d061d655130dfc6290418eff
146,/Users/ck-intosh/Downloads/COMP_8157/Project/Project_work/raw_dataset/leaf_rust/LR_321.jpg,3f1d499c5ab2323c-94bb0e2e62f4001
147,/Users/ck-intosh/Downloads/COMP_8157/Project/Project_work/raw_dataset/leaf_rust/LR_335.jpg,-17971796d7938bcc-599a7d1ffc55fe1d
148,/Users/ck-intosh/Downloads/COMP_8157/Project/Project_work/raw_dataset/leaf_rust/LR_453.jpg,-7ad37350d8d2d6800f71f0800f6f6fe
149,/Users/ck-intosh/Downloads/COMP_8157/Project/Project_work/raw_dataset/leaf_rust/LR_1675.jpg,-46ce9edc5dcd2f2d0890514704200180
150,/Users/ck-intosh/Downloads/COMP_8157/Project/Project_work/raw_dataset/leaf_rust/LR_1113.jpg,3232303205118919221ae0e208778f7f
151,/Users/ck-intosh/Downloads/COMP_8157/Project/Project_work/raw_dataset/leaf_rust/LR_309.jpg,54e4aaab3353432276c58888e0111fe6
152,/Users/ck-intosh/Downloads/COMP_8157/Project/Project_work/raw_dataset/leaf_rust/LR_1107.jpg,-5e3e820fad9301423e8f7fe3126f7cff
153,/Users/ck-intosh/Downloads/COMP_8157/Project/Project_work/raw_dataset/leaf_rust/LR_1661.jpg,6a6868a8ad2aa8b5-29d1350f42c795c6
154,/Users/ck-intosh/Downloads/COMP_8157/Project/Project_work/raw_dataset/leaf_rust/LR_484.jpg,-3214c6e584b6b6b7-7271f8fe870903ff
155,/Users/ck-intosh/Downloads/COMP_8157/Project/Project_work/raw_dataset/leaf_rust/LR_490.jpg,1a9accc4cc4c54d4-88d3f303997ece3
156,/Users/ck-intosh/Downloads/COMP_8157/Project/Project_work/raw_dataset/leaf_rust/LR_491.jpg,-569aad675b5e252f-44b2b9ac535afd01
157,/Users/ck-intosh/Downloads/COMP_8157/Project/Project_work/raw_dataset/leaf_rust/LR_485.jpg,48b83bfcf8e9015f-31600003ff7ffcc5
158,/Users/ck-intosh/Downloads/COMP_8157/Project/Project_work/raw_dataset/leaf_rust/LR_1106.jpg,-1a99aeba813b9a99-66db0cf887ffce01
159,/Users/ck-intosh/Downloads/COMP_8157/Project/Project_work/raw_dataset/leaf_rust/LR_308.jpg,5e3414b8f0cb0b31-5f2e8471f7bf5c8
160,/Users/ck-intosh/Downloads/COMP_8157/Project/Project_work/raw_dataset/leaf_rust/LR_1660.jpg,-1b0f4eabed4dceaf4ce0a30150de2111
161,/Users/ck-intosh/Downloads/COMP_8157/Project/Project_work/raw_dataset/leaf_rust/LR_1674.jpg,3ab91bbc3bf4cc3a-271ec0020009f6d0
162,/Users/ck-intosh/Downloads/COMP_8157/Project/Project_work/raw_dataset/leaf_rust/LR_1112.jpg,56d6d667336b614941f0900e9430e7c4
163,/Users/ck-intosh/Downloads/COMP_8157/Project/Project_work/raw_dataset/leaf_rust/LR_334.jpg,-55555555555555560002a852482f1674
164,/Users/ck-intosh/Downloads/COMP_8157/Project/Project_work/raw_dataset/leaf_rust/LR_452.jpg,-3c392bdbcbd7879-7fffdf7faebdfd01
165,/Users/ck-intosh/Downloads/COMP_8157/Project/Project_work/raw_dataset/leaf_rust/LR_446.jpg,5ac938fcf0c45499740ffffdc000449f
166,/Users/ck-intosh/Downloads/COMP_8157/Project/Project_work/raw_dataset/leaf_rust/LR_1648.jpg,-7ad37350d8d2d6800f71f0800f6f6fe
167,/Users/ck-intosh/Downloads/COMP_8157/Project/Project_work/raw_dataset/leaf_rust/LR_320.jpg,-1685c6c4cfad1d3d-103da745d38efc8d
168,/Users/ck-intosh/Downloads/COMP_8157/Project/Project_work/raw_dataset/leaf_rust/LR_877.jpg,1cbe1bc6f07d375138a4ff1f01c06c77
169,/Users/ck-intosh/Downloads/COMP_8157/Project/Project_work/raw_dataset/leaf_rust/LR_863.jpg,-6abc92988dc69244-4ee836f339cf2060
170,/Users/ck-intosh/Downloads/COMP_8157/Project/Project_work/raw_dataset/leaf_rust/LR_693.jpg,-39b95d2e34151b10-43a3d1c8ef85323a
171,/Users/ck-intosh/Downloads/COMP_8157/Project/Project_work/raw_dataset/leaf_rust/LR_687.jpg,66626cfa517070e366260108b8145022
172,/Users/ck-intosh/Downloads/COMP_8157/Project/Project_work/raw_dataset/leaf_rust/LR_1489.jpg,3038383838f8f8f815002c142e32361a
173,/Users/ck-intosh/Downloads/COMP_8157/Project/Project_work/raw_dataset/leaf_rust/LR_1462.jpg,4f8eacb5d95a9b9941da48248160dc28
174,/Users/ck-intosh/Downloads/COMP_8157/Project/Project_work/raw_dataset/leaf_rust/LR_1304.jpg,-27210d2b83cbcbcf0178be9fca41fcff
175,/Users/ck-intosh/Downloads/COMP_8157/Project/Project_work/raw_dataset/leaf_rust/LR_1310.jpg,788adbcdd3da712d-2d1edf6e8771d87
176,/Users/ck-intosh/Downloads/COMP_8157/Project/Project_work/raw_dataset/leaf_rust/LR_678.jpg,-662dcf8d495b0b0f-477406b88fd7f123
177,/Users/ck-intosh/Downloads/COMP_8157/Project/Project_work/raw_dataset/leaf_rust/LR_1476.jpg,34aae8b814d4c565703fc8233c5d130f
178,/Users/ck-intosh/Downloads/COMP_8157/Project/Project_work/raw_dataset/leaf_rust/LR_650.jpg,-361c8cccd676bbb41889e7f67229314e
179,/Users/ck-intosh/Downloads/COMP_8157/Project/Project_work/raw_dataset/leaf_rust/LR_888.jpg,5345d1aad685a6e5-18c3aa77b92ce140
180,/Users/ck-intosh/Downloads/COMP_8157/Project/Project_work/raw_dataset/leaf_rust/LR_1338.jpg,-5d6c6c28a8dc4c2b3de800a2d4402b17
181,/Users/ck-intosh/Downloads/COMP_8157/Project/Project_work/raw_dataset/leaf_rust/LR_136.jpg,-5e5a69c9e96de5b66b09886445b4b548
182,/Users/ck-intosh/Downloads/COMP_8157/Project/Project_work/raw_dataset/leaf_rust/LR_122.jpg,-1565e372525252c6-3f498fa0e01b7eb2
183,/Users/ck-intosh/Downloads/COMP_8157/Project/Project_work/raw_dataset/leaf_rust/LR_644.jpg,-7320a1a1a0b9a17-1c466dee10c99b28
184,/Users/ck-intosh/Downloads/COMP_8157/Project/Project_work/raw_dataset/leaf_rust/LR_903.jpg,-17971796d7938bcc-599a7d1ffc55fe1d
185,/Users/ck-intosh/Downloads/COMP_8157/Project/Project_work/raw_dataset/leaf_rust/LR_917.jpg,7879795955bcae3a3d88e27b41010020
186,/Users/ck-intosh/Downloads/COMP_8157/Project/Project_work/raw_dataset/leaf_rust/LR_1516.jpg,559dac6545e6a6d7671abca953c48824
187,/Users/ck-intosh/Downloads/COMP_8157/Project/Project_work/raw_dataset/leaf_rust/LR_718.jpg,222475b1e6b571161a284433471cc3ff
188,/Users/ck-intosh/Downloads/COMP_8157/Project/Project_work/raw_dataset/leaf_rust/LR_1270.jpg,-4eaeaaaeacaecc4a00d280050001412c
189,/Users/ck-intosh/Downloads/COMP_8157/Project/Project_work/raw_dataset/leaf_rust/LR_1264.jpg,-222e7449c5c98bac48510b8418a0b8c5
190,/Users/ck-intosh/Downloads/COMP_8157/Project/Project_work/raw_dataset/leaf_rust/LR_1502.jpg,-515311332323a7c817ecec0cb8fcd0f1
191,/Users/ck-intosh/Downloads/COMP_8157/Project/Project_work/raw_dataset/leaf_rust/LR_724.jpg,6471925290304109-779a5001639ff997
192,/Users/ck-intosh/Downloads/COMP_8157/Project/Project_work/raw_dataset/leaf_rust/LR_1258.jpg,61656161612121210081c00103010077
193,/Users/ck-intosh/Downloads/COMP_8157/Project/Project_work/raw_dataset/leaf_rust/LR_730.jpg,-1299ae9aa13b9a9b-66d32cf887fa8f01
194,/Users/ck-intosh/Downloads/COMP_8157/Project/Project_work/raw_dataset/leaf_rust/LR_283.jpg,19f4ad6d1dd95bc533fc91ee2da1526e
195,/Users/ck-intosh/Downloads/COMP_8157/Project/Project_work/raw_dataset/leaf_rust/LR_67.jpg,491891e265c61931-387fecd1e79e38f
196,/Users/ck-intosh/Downloads/COMP_8157/Project/Project_work/raw_dataset/leaf_rust/LR_73.jpg,-58343232b7464ab-7f0186ef7b9efda5
197,/Users/ck-intosh/Downloads/COMP_8157/Project/Project_work/raw_dataset/leaf_rust/LR_297.jpg,3199d94a6da2b3d174263fd248082e93
198,/Users/ck-intosh/Downloads/COMP_8157/Project/Project_work/raw_dataset/leaf_rust/LR_1099.jpg,4c6d753db8d35e56-65f73982867cffba
199,/Users/ck-intosh/Downloads/COMP_8157/Project/Project_work/raw_dataset/leaf_rust/LR_1072.jpg,-dce0a4b091a12bf-71c7048c6f7b3201
200,/Users/ck-intosh/Downloads/COMP_8157/Project/Project_work/raw_dataset/leaf_rust/LR_98.jpg,1f432031a25fa71e-120fedc7c8cf0c4
201,/Users/ck-intosh/Downloads/COMP_8157/Project/Project_work/raw_dataset/leaf_rust/LR_1714.jpg,4c6d21c1595832a5-68a70371fff60dff
202,/Users/ck-intosh/Downloads/COMP_8157/Project/Project_work/raw_dataset/leaf_rust/LR_1700.jpg,-37232f0707150b9368c01e02818a1714
203,/Users/ck-intosh/Downloads/COMP_8157/Project/Project_work/raw_dataset/leaf_rust/LR_268.jpg,54d45252525252d60d85f13d346ae018
204,/Users/ck-intosh/Downloads/COMP_8157/Project/Project_work/raw_dataset/leaf_rust/LR_1066.jpg,-1b31be331aa56c37-78c7f8f37eaf8bf6
205,/Users/ck-intosh/Downloads/COMP_8157/Project/Project_work/raw_dataset/leaf_rust/LR_240.jpg,-4d098b8fafeb8bec22a6c400c004011d
206,/Users/ck-intosh/Downloads/COMP_8157/Project/Project_work/raw_dataset/leaf_rust/LR_1728.jpg,-60e64a5ad191dbcb2e59f395b24a0ac5
207,/Users/ck-intosh/Downloads/COMP_8157/Project/Project_work/raw_dataset/leaf_rust/LR_526.jpg,652182c330b89e9b-b96c0f1381ebfc6
208,/Users/ck-intosh/Downloads/COMP_8157/Project/Project_work/raw_dataset/leaf_rust/LR_532.jpg,666d6dcc5a56925646602c8dc1df3ff0
209,/Users/ck-intosh/Downloads/COMP_8157/Project/Project_work/raw_dataset/leaf_rust/LR_254.jpg,55555513929692d2091fc1471b70700e
210,/Users/ck-intosh/Downloads/COMP_8157/Project/Project_work/raw_dataset/leaf_rust/LR_524.jpg,652182c330b89e9b-b96c0f1381ebfc6
211,/Users/ck-intosh/Downloads/COMP_8157/Project/Project_work/raw_dataset/leaf_rust/LR_242.jpg,-464a4a4b0b9ecf20-2cee5dcb6bbede5e
212,/Users/ck-intosh/Downloads/COMP_8157/Project/Project_work/raw_dataset/leaf_rust/LR_256.jpg,-50c70c57cff93c01-50043fff1fc3f8c0
213,/Users/ck-intosh/Downloads/COMP_8157/Project/Project_work/raw_dataset/leaf_rust/LR_1058.jpg,6c7cd8b1b2b3f03500ee5c09f033d227
214,/Users/ck-intosh/Downloads/COMP_8157/Project/Project_work/raw_dataset/leaf_rust/LR_530.jpg,-3999bd3d549689a5-2012bbea61c01b01
215,/Users/ck-intosh/Downloads/COMP_8157/Project/Project_work/raw_dataset/leaf_rust/LR_1716.jpg,451933b3b262094a0c894cbcb2c2174a
216,/Users/ck-intosh/Downloads/COMP_8157/Project/Project_work/raw_dataset/leaf_rust/LR_518.jpg,-46868aaea62d262c-52cfd3f3bfc11c01
217,/Users/ck-intosh/Downloads/COMP_8157/Project/Project_work/raw_dataset/leaf_rust/LR_1070.jpg,-7320a1a1a0b9a17-1c466dee10c99b28
218,/Users/ck-intosh/Downloads/COMP_8157/Project/Project_work/raw_dataset/leaf_rust/LR_1064.jpg,3452748a81264248245be4be1be70608
219,/Users/ck-intosh/Downloads/COMP_8157/Project/Project_work/raw_dataset/leaf_rust/LR_1702.jpg,3a307868e8e8d8f47e1e363fae011b7c
220,/Users/ck-intosh/Downloads/COMP_8157/Project/Project_work/raw_dataset/leaf_rust/LR_65.jpg,-12ba0aa1453c3556-55e31aff8ffa7975
221,/Users/ck-intosh/Downloads/COMP_8157/Project/Project_work/raw_dataset/leaf_rust/LR_281.jpg,-6626a7a7ae959697612b8a105158016b
222,/Users/ck-intosh/Downloads/COMP_8157/Project/Project_work/raw_dataset/leaf_rust/LR_295.jpg,55555512929692d2091fc9471b70700e
223,/Users/ck-intosh/Downloads/COMP_8157/Project/Project_work/raw_dataset/leaf_rust/LR_71.jpg,-5a23323a7a0eaca6-59ffcf3772d2382d
224,/Users/ck-intosh/Downloads/COMP_8157/Project/Project_work/raw_dataset/leaf_rust/LR_59.jpg,54e4aaab3353432276c58888e0111fe6
225,/Users/ck-intosh/Downloads/COMP_8157/Project/Project_work/raw_dataset/leaf_rust/LR_1528.jpg,3134b6b535b0b4751b600a840dcb2000
226,/Users/ck-intosh/Downloads/COMP_8157/Project/Project_work/raw_dataset/leaf_rust/LR_726.jpg,2363d299f5e38a103c6fc639f0efbe30
227,/Users/ck-intosh/Downloads/COMP_8157/Project/Project_work/raw_dataset/leaf_rust/LR_732.jpg,-295686371b3151b200be2150c7818008
228,/Users/ck-intosh/Downloads/COMP_8157/Project/Project_work/raw_dataset/leaf_rust/LR_1272.jpg,24a65a68bcacd47261bc160afa2199c0
229,/Users/ck-intosh/Downloads/COMP_8157/Project/Project_work/raw_dataset/leaf_rust/LR_1514.jpg,08eae96868e2f0f01c201f00080e0080
230,/Users/ck-intosh/Downloads/COMP_8157/Project/Project_work/raw_dataset/leaf_rust/LR_1500.jpg,-7577ad6b6b2f85f2-3dc63de003fa1ce3
231,/Users/ck-intosh/Downloads/COMP_8157/Project/Project_work/raw_dataset/leaf_rust/LR_1266.jpg,-252d1f1f3f5b1b8c30724260823f0fff
232,/Users/ck-intosh/Downloads/COMP_8157/Project/Project_work/raw_dataset/leaf_rust/LR_929.jpg,3ab91bbc3bf4cc3a-271ec0020009f6d0
233,/Users/ck-intosh/Downloads/COMP_8157/Project/Project_work/raw_dataset/leaf_rust/LR_1299.jpg,-295686371b3151b200be2150c7818008
234,/Users/ck-intosh/Downloads/COMP_8157/Project/Project_work/raw_dataset/leaf_rust/LR_901.jpg,-76369e1e4f0697143d9fcbcfe6f363d1
235,/Users/ck-intosh/Downloads/COMP_8157/Project/Project_work/raw_dataset/leaf_rust/LR_915.jpg,24e2eaeae8f938a10424040a80821021
236,/Users/ck-intosh/Downloads/COMP_8157/Project/Project_work/raw_dataset/leaf_rust/LR_134.jpg,-59aaaa989c8aaaeb-536e6a63511dbc9f
237,/Users/ck-intosh/Downloads/COMP_8157/Project/Project_work/raw_dataset/leaf_rust/LR_652.jpg,-39b95d2e34151b10-43a3d1c8ef85323a
238,/Users/ck-intosh/Downloads/COMP_8157/Project/Project_work/raw_dataset/leaf_rust/LR_646.jpg,-252d1f1f3f5b1b8c30724260823f0fff
239,/Users/ck-intosh/Downloads/COMP_8157/Project/Project_work/raw_dataset/leaf_rust/LR_1448.jpg,73736343c3c3c3c3-e069dfe0dfdf4fd
240,/Users/ck-intosh/Downloads/COMP_8157/Project/Project_work/raw_dataset/leaf_rust/LR_120.jpg,0e06061606160616080820040a102008
241,/Users/ck-intosh/Downloads/COMP_8157/Project/Project_work/raw_dataset/leaf_rust/LR_1306.jpg,-4ccccc5c5eddc798-70c408e13ef9cfa0
242,/Users/ck-intosh/Downloads/COMP_8157/Project/Project_work/raw_dataset/leaf_rust/LR_108.jpg,564d44444c68c8f8363e00301ecd0a12
243,/Users/ck-intosh/Downloads/COMP_8157/Project/Project_work/raw_dataset/leaf_rust/LR_1460.jpg,-2733332ceb6eec9f13c00cef788010e7
244,/Users/ck-intosh/Downloads/COMP_8157/Project/Project_work/raw_dataset/leaf_rust/LR_1474.jpg,-1f5f9dea6eaeac650d81ce4882855203
245,/Users/ck-intosh/Downloads/COMP_8157/Project/Project_work/raw_dataset/leaf_rust/LR_1312.jpg,6da9696c602aa83c7598a30dc142ab3c
246,/Users/ck-intosh/Downloads/COMP_8157/Project/Project_work/raw_dataset/leaf_rust/LR_691.jpg,7471e964eaebb1f9-239d44807f77c8c0
247,/Users/ck-intosh/Downloads/COMP_8157/Project/Project_work/raw_dataset/leaf_rust/LR_849.jpg,38fcbca969efdae86343f40141e89208
248,/Users/ck-intosh/Downloads/COMP_8157/Project/Project_work/raw_dataset/leaf_rust/LR_685.jpg,6e6c3838e490f8ce-21330704ffff7fc0
249,/Users/ck-intosh/Downloads/COMP_8157/Project/Project_work/raw_dataset/leaf_rust/LR_875.jpg,4165a7a3b098199c-2eaee7f01b39b4ed
250,/Users/ck-intosh/Downloads/COMP_8157/Project/Project_work/raw_dataset/leaf_rust/LR_861.jpg,-3542b187bf5dad6c06ffbc60d123c291
251,/Users/ck-intosh/Downloads/COMP_8157/Project/Project_work/raw_dataset/leaf_rust/LR_450.jpg,-4d8f1f9f9fc7c748-410d3f7e78b88609
252,/Users/ck-intosh/Downloads/COMP_8157/Project/Project_work/raw_dataset/leaf_rust/LR_1138.jpg,-54543551525670190133180280003f01
253,/Users/ck-intosh/Downloads/COMP_8157/Project/Project_work/raw_dataset/leaf_rust/LR_336.jpg,-1162e5416384ed27-3106a8fff7070101
254,/Users/ck-intosh/Downloads/COMP_8157/Project/Project_work/raw_dataset/leaf_rust/LR_322.jpg,-7fbd7debe7864d1e-4eb670f9e9a48840
255,/Users/ck-intosh/Downloads/COMP_8157/Project/Project_work/raw_dataset/leaf_rust/LR_444.jpg,-6626a7a7ae959697612b8a105158016b
256,/Users/ck-intosh/Downloads/COMP_8157/Project/Project_work/raw_dataset/leaf_rust/LR_1662.jpg,-6ccd5429a9eb668b1075bb81027cb152
257,/Users/ck-intosh/Downloads/COMP_8157/Project/Project_work/raw_dataset/leaf_rust/LR_1104.jpg,-3b747c8dfeb7ae6c-3a846739c8933cfe
258,/Users/ck-intosh/Downloads/COMP_8157/Project/Project_work/raw_dataset/leaf_rust/LR_1110.jpg,-6ccd5429a9eb668b1075bb81027cb152
259,/Users/ck-intosh/Downloads/COMP_8157/Project/Project_work/raw_dataset/leaf_rust/LR_478.jpg,594d6d2135255753000e198bc729bcff
260,/Users/ck-intosh/Downloads/COMP_8157/Project/Project_work/raw_dataset/leaf_rust/LR_1676.jpg,38e7707c763797160000074040000000
261,/Users/ck-intosh/Downloads/COMP_8157/Project/Project_work/raw_dataset/leaf_rust/LR_493.jpg,7252fabd7b78727a2e470f00b859c642
262,/Users/ck-intosh/Downloads/COMP_8157/Project/Project_work/raw_dataset/leaf_rust/LR_487.jpg,6deaeaeaeeeee4640d005033408a8a14
263,/Users/ck-intosh/Downloads/COMP_8157/Project/Project_work/raw_dataset/leaf_rust/LR_1689.jpg,3232303205118919221ae0e208778f7f
264,/Users/ck-intosh/Downloads/COMP_8157/Project/Project_work/raw_dataset/leaf_rust/LR_1688.jpg,3402988fe01c07fe-70000c3780ffc80
265,/Users/ck-intosh/Downloads/COMP_8157/Project/Project_work/raw_dataset/leaf_rust/LR_486.jpg,5654c8c5ab8bc647-81af7aa9c45ff42
266,/Users/ck-intosh/Downloads/COMP_8157/Project/Project_work/raw_dataset/leaf_rust/LR_492.jpg,54d49696949496560d61fefa00ddb11c
267,/Users/ck-intosh/Downloads/COMP_8157/Project/Project_work/raw_dataset/leaf_rust/LR_1111.jpg,-1565e332525252c6-3f498fa0e01b7eb2
268,/Users/ck-intosh/Downloads/COMP_8157/Project/Project_work/raw_dataset/leaf_rust/LR_1677.jpg,-5af671e959552b0c-7acc70afdbd567d3
269,/Users/ck-intosh/Downloads/COMP_8157/Project/Project_work/raw_dataset/leaf_rust/LR_479.jpg,-1f199d8d84a4a1a9-64972b8585c87e8
270,/Users/ck-intosh/Downloads/COMP_8157/Project/Project_work/raw_dataset/leaf_rust/LR_1663.jpg,-57575757575b5b3c1b2b7f312089a7bf
271,/Users/ck-intosh/Downloads/COMP_8157/Project/Project_work/raw_dataset/leaf_rust/LR_1105.jpg,3c38f87070e1e9d3-3c717158b1b1f01
272,/Users/ck-intosh/Downloads/COMP_8157/Project/Project_work/raw_dataset/leaf_rust/LR_323.jpg,-4c0d8e8b8b078f8e25a7e30764808106
273,/Users/ck-intosh/Downloads/COMP_8157/Project/Project_work/raw_dataset/leaf_rust/LR_445.jpg,-701c3bbb2b838489-31874f4ff9f14d4
274,/Users/ck-intosh/Downloads/COMP_8157/Project/Project_work/raw_dataset/leaf_rust/LR_451.jpg,-631d5d96b5157556-4fff7ddabffffbd4
275,/Users/ck-intosh/Downloads/COMP_8157/Project/Project_work/raw_dataset/leaf_rust/LR_337.jpg,-6969e866266cef5d22900620d98e50ff
276,/Users/ck-intosh/Downloads/COMP_8157/Project/Project_work/raw_dataset/leaf_rust/LR_1139.jpg,788adbcdd3da712d-2d1edf6e8771d87
277,/Users/ck-intosh/Downloads/COMP_8157/Project/Project_work/raw_dataset/leaf_rust/LR_860.jpg,73736343c3c3c3c3-6069cfe0dfdf4fd
278,/Users/ck-intosh/Downloads/COMP_8157/Project/Project_work/raw_dataset/leaf_rust/LR_874.jpg,0606061606160616080820040a102008
279,/Users/ck-intosh/Downloads/COMP_8157/Project/Project_work/raw_dataset/leaf_rust/LR_684.jpg,-62c3c1e1c3436264-70a603e8099ffb01
280,/Users/ck-intosh/Downloads/COMP_8157/Project/Project_work/raw_dataset/leaf_rust/LR_848.jpg,-6f26191f0d67a61777bf1fcc47f01fff
281,/Users/ck-intosh/Downloads/COMP_8157/Project/Project_work/raw_dataset/leaf_rust/LR_690.jpg,16cbc97171597c9e763e1fcd0603e13c
282,/Users/ck-intosh/Downloads/COMP_8157/Project/Project_work/raw_dataset/leaf_rust/LR_1475.jpg,73d90c2e09dbb3c702c1010007d82001
283,/Users/ck-intosh/Downloads/COMP_8157/Project/Project_work/raw_dataset/leaf_rust/LR_1313.jpg,38f8bca969ebdae86343f40141e89208
284,/Users/ck-intosh/Downloads/COMP_8157/Project/Project_work/raw_dataset/leaf_rust/LR_109.jpg,-3a3a3a303b7b7b7c-472808013f3f7f00
285,/Users/ck-intosh/Downloads/COMP_8157/Project/Project_work/raw_dataset/leaf_rust/LR_1307.jpg,5ae869e9ede4e4ca1e16737ba9000580
286,/Users/ck-intosh/Downloads/COMP_8157/Project/Project_work/raw_dataset/leaf_rust/LR_1461.jpg,-54543551525670190133180280003f01
287,/Users/ck-intosh/Downloads/COMP_8157/Project/Project_work/raw_dataset/leaf_rust/LR_1449.jpg,-5555555555555556-1ffaf8fa99872b23
288,/Users/ck-intosh/Downloads/COMP_8157/Project/Project_work/raw_dataset/leaf_rust/LR_647.jpg,26331b95014326a24d247af701c75cff
289,/Users/ck-intosh/Downloads/COMP_8157/Project/Project_work/raw_dataset/leaf_rust/LR_121.jpg,-35fefa363fdfa748-371dc010fbf9f001
290,/Users/ck-intosh/Downloads/COMP_8157/Project/Project_work/raw_dataset/leaf_rust/LR_135.jpg,582d1aaccacaebe3-2d52cd1bf42406ea
291,/Users/ck-intosh/Downloads/COMP_8157/Project/Project_work/raw_dataset/leaf_rust/LR_653.jpg,128143cc3962830976bf77dcb0c3040f
292,/Users/ck-intosh/Downloads/COMP_8157/Project/Project_work/raw_dataset/leaf_rust/LR_914.jpg,7bb252321a1525434eb009c7fa70e0c1
293,/Users/ck-intosh/Downloads/COMP_8157/Project/Project_work/raw_dataset/leaf_rust/LR_900.jpg,5b1bb396bc71feb61c087a972803c0ff
294,/Users/ck-intosh/Downloads/COMP_8157/Project/Project_work/raw_dataset/leaf_rust/LR_928.jpg,21b1727173f3f2905cb9bb05076346ad
295,/Users/ck-intosh/Downloads/COMP_8157/Project/Project_work/raw_dataset/leaf_rust/LR_1298.jpg,-2a1bcc6c8f598dc43fd9ffbe73004e21
296,/Users/ck-intosh/Downloads/COMP_8157/Project/Project_work/raw_dataset/leaf_rust/LR_1501.jpg,5972e4e0f0abaa4a1970fffc013aa659
297,/Users/ck-intosh/Downloads/COMP_8157/Project/Project_work/raw_dataset/leaf_rust/LR_1267.jpg,-55595969293b3a1f410aa0e0fefe7f1c
298,/Users/ck-intosh/Downloads/COMP_8157/Project/Project_work/raw_dataset/leaf_rust/LR_1273.jpg,-13b72f2bbef67eeb24681294c50fbbff
299,/Users/ck-intosh/Downloads/COMP_8157/Project/Project_work/raw_dataset/leaf_rust/LR_1515.jpg,2a9526743833a1110af11ec449f0ae01
300,/Users/ck-intosh/Downloads/COMP_8157/Project/Project_work/raw_dataset/leaf_rust/LR_733.jpg,-7f3f3f195acdcdb830101bcec926a6ff
301,/Users/ck-intosh/Downloads/COMP_8157/Project/Project_work/raw_dataset/leaf_rust/LR_727.jpg,75f1e3323a1879aa754185e62030d3a4
302,/Users/ck-intosh/Downloads/COMP_8157/Project/Project_work/raw_dataset/leaf_rust/LR_1529.jpg,-4d07ab9b4c32342f-857a9b7d9ff546d
303,/Users/ck-intosh/Downloads/COMP_8157/Project/Project_work/raw_dataset/leaf_rust/LR_58.jpg,69f5d5efcb5ef4714a09377d8f1ffe73
304,/Users/ck-intosh/Downloads/COMP_8157/Project/Project_work/raw_dataset/leaf_rust/LR_294.jpg,7624945ef00187e9-2990c0031efffb75
305,/Users/ck-intosh/Downloads/COMP_8157/Project/Project_work/raw_dataset/leaf_rust/LR_70.jpg,-5654556424a4a6a500ebe8a1120effff
306,/Users/ck-intosh/Downloads/COMP_8157/Project/Project_work/raw_dataset/leaf_rust/LR_64.jpg,-35fefa363fdfa748-371dc010fbf9f001
307,/Users/ck-intosh/Downloads/COMP_8157/Project/Project_work/raw_dataset/leaf_rust/LR_280.jpg,-71e1985888d4569308306a0dc403baff
308,/Users/ck-intosh/Downloads/COMP_8157/Project/Project_work/raw_dataset/leaf_rust/LR_1065.jpg,-7757575755555556-0672c5f820fc000
309,/Users/ck-intosh/Downloads/COMP_8157/Project/Project_work/raw_dataset/leaf_rust/LR_1703.jpg,-4b4b4f8d3f9e9ea0-1403c0c87f7bfdd0
310,/Users/ck-intosh/Downloads/COMP_8157/Project/Project_work/raw_dataset/leaf_rust/LR_519.jpg,-76662460e2e1693008050bf60778073
311,/Users/ck-intosh/Downloads/COMP_8157/Project/Project_work/raw_dataset/leaf_rust/LR_1717.jpg,-58ce7a9dcff47eb8-099c230fe9fc06d
312,/Users/ck-intosh/Downloads/COMP_8157/Project/Project_work/raw_dataset/leaf_rust/LR_1071.jpg,-5e3e820fad9301423e8f7fe3126f7cff
313,/Users/ck-intosh/Downloads/COMP_8157/Project/Project_work/raw_dataset/leaf_rust/LR_1059.jpg,-59aaaa989c8aaaeb-536e6a63511dbc9f
314,/Users/ck-intosh/Downloads/COMP_8157/Project/Project_work/raw_dataset/leaf_rust/LR_257.jpg,-1a99aeba813b9a99-66db0cf887ffce01
315,/Users/ck-intosh/Downloads/COMP_8157/Project/Project_work/raw_dataset/leaf_rust/LR_531.jpg,1804c8600310e075-683f01f00ffff01
316,/Users/ck-intosh/Downloads/COMP_8157/Project/Project_work/raw_dataset/leaf_rust/LR_525.jpg,-4b5d1d098d8a4f1e753d6a808e65b58e
317,/Users/ck-intosh/Downloads/COMP_8157/Project/Project_work/raw_dataset/leaf_rust/LR_243.jpg,-13939b3e061b5d4e-40ffff906333f01
318,/Users/ck-intosh/Downloads/COMP_8157/Project/Project_work/raw_dataset/leaf_rust/LR_1075.jpg,-6ced6c365b9d1b3c0032e719803b20ac
319,/Users/ck-intosh/Downloads/COMP_8157/Project/Project_work/raw_dataset/leaf_rust/LR_1713.jpg,-321c39b1570f332b10ef87fc7f0018c0
320,/Users/ck-intosh/Downloads/COMP_8157/Project/Project_work/raw_dataset/leaf_rust/LR_509.jpg,-484849e3465e3c6e3f83a67c30e1c080
321,/Users/ck-intosh/Downloads/COMP_8157/Project/Project_work/raw_dataset/leaf_rust/LR_1707.jpg,-5e5a69c9e96de5b66b09886445b4b548
322,/Users/ck-intosh/Downloads/COMP_8157/Project/Project_work/raw_dataset/leaf_rust/LR_1061.jpg,1937374353b5a1cb0094646ddaff3f82
323,/Users/ck-intosh/Downloads/COMP_8157/Project/Project_work/raw_dataset/leaf_rust/LR_1049.jpg,20275a6c2e4282cc000012f1e85d22ff
324,/Users/ck-intosh/Downloads/COMP_8157/Project/Project_work/raw_dataset/leaf_rust/LR_247.jpg,-67f3999dd99b8dcc-7e67e63988f7f501
325,/Users/ck-intosh/Downloads/COMP_8157/Project/Project_work/raw_dataset/leaf_rust/LR_521.jpg,-6626a7af8e969615212b8a10475841c3
326,/Users/ck-intosh/Downloads/COMP_8157/Project/Project_work/raw_dataset/leaf_rust/LR_535.jpg,242c738ea08c9989-7c031ce19dfbca65
327,/Users/ck-intosh/Downloads/COMP_8157/Project/Project_work/raw_dataset/leaf_rust/LR_253.jpg,3c38f87070e1e9d3-3c717158b1b1f01
328,/Users/ck-intosh/Downloads/COMP_8157/Project/Project_work/raw_dataset/leaf_rust/LR_48.jpg,-7757575755555556-0672c5f820fc000
329,/Users/ck-intosh/Downloads/COMP_8157/Project/Project_work/raw_dataset/leaf_rust/LR_284.jpg,30383838b8f8f8f815002c142e32361a
330,/Users/ck-intosh/Downloads/COMP_8157/Project/Project_work/raw_dataset/leaf_rust/LR_60.jpg,07466279cd8f6f17309c6ee3c99c8020
331,/Users/ck-intosh/Downloads/COMP_8157/Project/Project_work/raw_dataset/leaf_rust/LR_74.jpg,000367b3b494d4b801fffeffff000000
332,/Users/ck-intosh/Downloads/COMP_8157/Project/Project_work/raw_dataset/leaf_rust/LR_290.jpg,22223079f3f3d69840cc3c08d3e384ff
333,/Users/ck-intosh/Downloads/COMP_8157/Project/Project_work/raw_dataset/leaf_rust/LR_1511.jpg,-4eaeaaaeacaecc4a00d280050001412c
334,/Users/ck-intosh/Downloads/COMP_8157/Project/Project_work/raw_dataset/leaf_rust/LR_1277.jpg,15ccaab49ae1574e77855ee53e00f79c
335,/Users/ck-intosh/Downloads/COMP_8157/Project/Project_work/raw_dataset/leaf_rust/LR_1263.jpg,-361c8cccd676bbb41889e7f67229314e
336,/Users/ck-intosh/Downloads/COMP_8157/Project/Project_work/raw_dataset/leaf_rust/LR_1505.jpg,-66eaca62d3e6baac0301f4076830e95f
337,/Users/ck-intosh/Downloads/COMP_8157/Project/Project_work/raw_dataset/leaf_rust/LR_723.jpg,-4b5d1d098d8a4f1e753d6a808e65b58e
338,/Users/ck-intosh/Downloads/COMP_8157/Project/Project_work/raw_dataset/leaf_rust/LR_737.jpg,01f9f8ff3fab5fa50000010000a0d000
339,/Users/ck-intosh/Downloads/COMP_8157/Project/Project_work/raw_dataset/leaf_rust/LR_1539.jpg,282a98d8fa566c6d-3fd1f42ffc0f77ff
340,/Users/ck-intosh/Downloads/COMP_8157/Project/Project_work/raw_dataset/leaf_rust/LR_904.jpg,0b09094094656554-3cd18030ff0a10f0
341,/Users/ck-intosh/Downloads/COMP_8157/Project/Project_work/raw_dataset/leaf_rust/LR_910.jpg,-4eaeaaaeacaecc4a00d280050001412c
342,/Users/ck-intosh/Downloads/COMP_8157/Project/Project_work/raw_dataset/leaf_rust/LR_938.jpg,7c5cdc84c341caac-5dbfbffffdbafd01
343,/Users/ck-intosh/Downloads/COMP_8157/Project/Project_work/raw_dataset/leaf_rust/LR_1288.jpg,-16969c98cec9482a-6036fc33dcb55a6a
344,/Users/ck-intosh/Downloads/COMP_8157/Project/Project_work/raw_dataset/leaf_rust/LR_1465.jpg,1d4c08899a91f552-e7ba3d6f5ef02bc
345,/Users/ck-intosh/Downloads/COMP_8157/Project/Project_work/raw_dataset/leaf_rust/LR_1303.jpg,6c66cc79e3e78e8c-1480220ebc8c1964
346,/Users/ck-intosh/Downloads/COMP_8157/Project/Project_work/raw_dataset/leaf_rust/LR_119.jpg,-1f199d8d84a4a1a9-64972b8585c87e8
347,/Users/ck-intosh/Downloads/COMP_8157/Project/Project_work/raw_dataset/leaf_rust/LR_1317.jpg,69d1f0e4e8ecf1f0-15f2cc7becb3f770
348,/Users/ck-intosh/Downloads/COMP_8157/Project/Project_work/raw_dataset/leaf_rust/LR_1471.jpg,64b0d07958318109-13fd01ff03ff7bf6
349,/Users/ck-intosh/Downloads/COMP_8157/Project/Project_work/raw_dataset/leaf_rust/LR_1459.jpg,56d6d667336b614941f0900e9430e7c4
350,/Users/ck-intosh/Downloads/COMP_8157/Project/Project_work/raw_dataset/leaf_rust/LR_657.jpg,-13b72f2bbef67eeb24681294c50fbbff
351,/Users/ck-intosh/Downloads/COMP_8157/Project/Project_work/raw_dataset/leaf_rust/LR_131.jpg,564d44444c68c8f8363e00301ecd0a12
352,/Users/ck-intosh/Downloads/COMP_8157/Project/Project_work/raw_dataset/leaf_rust/LR_125.jpg,4f8eacb5d95a9b9941da48248160dc28
353,/Users/ck-intosh/Downloads/COMP_8157/Project/Project_work/raw_dataset/leaf_rust/LR_643.jpg,6545615594cd461c08ddea7b009dceff
354,/Users/ck-intosh/Downloads/COMP_8157/Project/Project_work/raw_dataset/leaf_rust/LR_870.jpg,717171717161f1f1-657da2269dd1f0c5
355,/Users/ck-intosh/Downloads/COMP_8157/Project/Project_work/raw_dataset/leaf_rust/LR_864.jpg,-1d0dcf8a280afaaf4bcf2041fcf604ff
356,/Users/ck-intosh/Downloads/COMP_8157/Project/Project_work/raw_dataset/leaf_rust/LR_694.jpg,555a59b616162e9e0508410008536cf6
357,/Users/ck-intosh/Downloads/COMP_8157/Project/Project_work/raw_dataset/leaf_rust/LR_680.jpg,-361c8cccd676bbb41889e7f67229314e
358,/Users/ck-intosh/Downloads/COMP_8157/Project/Project_work/raw_dataset/leaf_rust/LR_858.jpg,399690bd3b59cd31497e97b52078c995
359,/Users/ck-intosh/Downloads/COMP_8157/Project/Project_work/raw_dataset/leaf_rust/LR_1101.jpg,-54ec49c9c94b4aef-760400fcd331fac3
360,/Users/ck-intosh/Downloads/COMP_8157/Project/Project_work/raw_dataset/leaf_rust/LR_1667.jpg,3aa6a6d53a30e6c130782edc0330000e
361,/Users/ck-intosh/Downloads/COMP_8157/Project/Project_work/raw_dataset/leaf_rust/LR_469.jpg,6deaeaeaeeeee4640d005033408a8a14
362,/Users/ck-intosh/Downloads/COMP_8157/Project/Project_work/raw_dataset/leaf_rust/LR_1673.jpg,3efc98925266c69730c4e8fb3363ce86
363,/Users/ck-intosh/Downloads/COMP_8157/Project/Project_work/raw_dataset/leaf_rust/LR_1115.jpg,-2e2f2bfe7f47cace7107fdff0100003e
364,/Users/ck-intosh/Downloads/COMP_8157/Project/Project_work/raw_dataset/leaf_rust/LR_333.jpg,3199d94a6da2b3d174263fd248082e93
365,/Users/ck-intosh/Downloads/COMP_8157/Project/Project_work/raw_dataset/leaf_rust/LR_455.jpg,4dcd2c3c70e282107c9f5ffc71e0821e
366,/Users/ck-intosh/Downloads/COMP_8157/Project/Project_work/raw_dataset/leaf_rust/LR_441.jpg,-1685c6c4cfad1d3d-103da745d38efc8d
367,/Users/ck-intosh/Downloads/COMP_8157/Project/Project_work/raw_dataset/leaf_rust/LR_327.jpg,-1d0dcf8a280afaaf4bcf2041fcf604ff
368,/Users/ck-intosh/Downloads/COMP_8157/Project/Project_work/raw_dataset/leaf_rust/LR_1129.jpg,200002f4dedc94b1-0ffffff3f3eaf01
369,/Users/ck-intosh/Downloads/COMP_8157/Project/Project_work/raw_dataset/leaf_rust/LR_1698.jpg,-49675b5a7b7392d9-1b24978878eb06fa
370,/Users/ck-intosh/Downloads/COMP_8157/Project/Project_work/raw_dataset/leaf_rust/LR_496.jpg,070707070f0f8f0e3d1f373723361a0e
371,/Users/ck-intosh/Downloads/COMP_8157/Project/Project_work/raw_dataset/leaf_rust/LR_482.jpg,2e7317570bb63fb7-79dfefaf669f701
372,/Users/ck-intosh/Downloads/COMP_8157/Project/Project_work/raw_dataset/leaf_rust/LR_483.jpg,-3e2e2f9f2f07cf20-126060b8ebffff01
373,/Users/ck-intosh/Downloads/COMP_8157/Project/Project_work/raw_dataset/leaf_rust/LR_497.jpg,567678895c2222a214fff4ff0000e7ef
374,/Users/ck-intosh/Downloads/COMP_8157/Project/Project_work/raw_dataset/leaf_rust/LR_1699.jpg,11b12083a06890a47ff76c00b74b10a1
375,/Users/ck-intosh/Downloads/COMP_8157/Project/Project_work/raw_dataset/leaf_rust/LR_440.jpg,-57575757571b2b2c00ab3f312089a7ff
376,/Users/ck-intosh/Downloads/COMP_8157/Project/Project_work/raw_dataset/leaf_rust/LR_1128.jpg,05515e526b4b1322-7bf896ef3f96e1a0
377,/Users/ck-intosh/Downloads/COMP_8157/Project/Project_work/raw_dataset/leaf_rust/LR_326.jpg,7b54b7b6a2e81c36-15aee800007ff6ff
378,/Users/ck-intosh/Downloads/COMP_8157/Project/Project_work/raw_dataset/leaf_rust/LR_332.jpg,717171717161f1f1-657da2269dd1f0c5
379,/Users/ck-intosh/Downloads/COMP_8157/Project/Project_work/raw_dataset/leaf_rust/LR_454.jpg,-77a7efce4746d9ba-7035e4fe3e4edc01
380,/Users/ck-intosh/Downloads/COMP_8157/Project/Project_work/raw_dataset/leaf_rust/LR_1672.jpg,-7048e8ec0e574707-721701e1fe7bc167
381,/Users/ck-intosh/Downloads/COMP_8157/Project/Project_work/raw_dataset/leaf_rust/LR_1114.jpg,6da9696c602aa83c7598a30dc142ab3c
382,/Users/ck-intosh/Downloads/COMP_8157/Project/Project_work/raw_dataset/leaf_rust/LR_1100.jpg,7b6f4c68a8a9f4e67264d6ea3e3bf5a3
383,/Users/ck-intosh/Downloads/COMP_8157/Project/Project_work/raw_dataset/leaf_rust/LR_468.jpg,-292386cd8a952d58-29f3b6cdca94295d
384,/Users/ck-intosh/Downloads/COMP_8157/Project/Project_work/raw_dataset/leaf_rust/LR_1666.jpg,-5e3e820fad9301423e8f7fe3126f7cff
385,/Users/ck-intosh/Downloads/COMP_8157/Project/Project_work/raw_dataset/leaf_rust/LR_859.jpg,-787af2f0f2f6d0f1-213970f7fbcefeff
386,/Users/ck-intosh/Downloads/COMP_8157/Project/Project_work/raw_dataset/leaf_rust/LR_681.jpg,5db59b5333333b5a480dbb91c3f60fff
387,/Users/ck-intosh/Downloads/COMP_8157/Project/Project_work/raw_dataset/leaf_rust/LR_695.jpg,-2e6c0c04242424aa0311360703898bff
388,/Users/ck-intosh/Downloads/COMP_8157/Project/Project_work/raw_dataset/leaf_rust/LR_865.jpg,68e4e1cfbaf181056088e3cff8e08307
389,/Users/ck-intosh/Downloads/COMP_8157/Project/Project_work/raw_dataset/leaf_rust/LR_871.jpg,-5bdb454a6321660a-7eb2458adeb9c601
390,/Users/ck-intosh/Downloads/COMP_8157/Project/Project_work/raw_dataset/leaf_rust/LR_124.jpg,-5e1c5d393a3d5ecf-52b8d0f57a2b7701
391,/Users/ck-intosh/Downloads/COMP_8157/Project/Project_work/raw_dataset/leaf_rust/LR_642.jpg,-38f5767e6de8c9d2-30914162c2048c1
392,/Users/ck-intosh/Downloads/COMP_8157/Project/Project_work/raw_dataset/leaf_rust/LR_656.jpg,-54686c6c48ccd500-100325ec63000100
393,/Users/ck-intosh/Downloads/COMP_8157/Project/Project_work/raw_dataset/leaf_rust/LR_1458.jpg,-10d2f97dbcb8fe8782e9fd148eeeeff
394,/Users/ck-intosh/Downloads/COMP_8157/Project/Project_work/raw_dataset/leaf_rust/LR_130.jpg,6c7cd8b1b2b3f03500ee5c09f033d227
395,/Users/ck-intosh/Downloads/COMP_8157/Project/Project_work/raw_dataset/leaf_rust/LR_1316.jpg,-38f5767e6de8c9d2-30914162c2048c1
396,/Users/ck-intosh/Downloads/COMP_8157/Project/Project_work/raw_dataset/leaf_rust/LR_118.jpg,-464a4a4b0b9ecf20-2cee5dcb6bbede5e
397,/Users/ck-intosh/Downloads/COMP_8157/Project/Project_work/raw_dataset/leaf_rust/LR_1470.jpg,-3b747c8dfeb7ae6c-3a846739c8933cfe
398,/Users/ck-intosh/Downloads/COMP_8157/Project/Project_work/raw_dataset/leaf_rust/LR_1464.jpg,-222e7449c5c98bac48510b8418a0b8c5
399,/Users/ck-intosh/Downloads/COMP_8157/Project/Project_work/raw_dataset/leaf_rust/LR_1302.jpg,-1515b7cdcc393365-1d41f7048c597372
400,/Users/ck-intosh/Downloads/COMP_8157/Project/Project_work/raw_dataset/leaf_rust/LR_939.jpg,101899199849596f04008202128813e2
401,/Users/ck-intosh/Downloads/COMP_8157/Project/Project_work/raw_dataset/leaf_rust/LR_1289.jpg,-67f39d9dd99b8d4c-7ee76639c0f7f520
402,/Users/ck-intosh/Downloads/COMP_8157/Project/Project_work/raw_dataset/leaf_rust/LR_911.jpg,-f1717070f0f0f10-20305f9e3efc0000
403,/Users/ck-intosh/Downloads/COMP_8157/Project/Project_work/raw_dataset/leaf_rust/LR_905.jpg,343d39bb7170b524-116296f72e850e01
404,/Users/ck-intosh/Downloads/COMP_8157/Project/Project_work/raw_dataset/leaf_rust/LR_1538.jpg,4f4f6e8f2d2daca44000609600026880
405,/Users/ck-intosh/Downloads/COMP_8157/Project/Project_work/raw_dataset/leaf_rust/LR_736.jpg,62e6b6f1f9e1cf7d7bcefefff0001e49
406,/Users/ck-intosh/Downloads/COMP_8157/Project/Project_work/raw_dataset/leaf_rust/LR_722.jpg,-6c5a51a98a926667-68fadfff7912e967
407,/Users/ck-intosh/Downloads/COMP_8157/Project/Project_work/raw_dataset/leaf_rust/LR_1262.jpg,-5170b89b998a49da-5f67e3eff7ff0ef9
408,/Users/ck-intosh/Downloads/COMP_8157/Project/Project_work/raw_dataset/leaf_rust/LR_1504.jpg,3d5d5e46424646e12331393870465c79
409,/Users/ck-intosh/Downloads/COMP_8157/Project/Project_work/raw_dataset/leaf_rust/LR_1510.jpg,-692460226242424a2450125c1c093161
410,/Users/ck-intosh/Downloads/COMP_8157/Project/Project_work/raw_dataset/leaf_rust/LR_1276.jpg,6261feff8c7973eb0c0f00c00ff970f0
411,/Users/ck-intosh/Downloads/COMP_8157/Project/Project_work/raw_dataset/leaf_rust/LR_75.jpg,-52153bf1b131cf403de8800166fc70ff
412,/Users/ck-intosh/Downloads/COMP_8157/Project/Project_work/raw_dataset/leaf_rust/LR_291.jpg,7471e964eae9b1f9-239d44807f77c8c0
413,/Users/ck-intosh/Downloads/COMP_8157/Project/Project_work/raw_dataset/leaf_rust/LR_285.jpg,-55555555555555560022b0952c3ee7ff
414,/Users/ck-intosh/Downloads/COMP_8157/Project/Project_work/raw_dataset/leaf_rust/LR_61.jpg,4b5101be38c0c048-7f608040ffff7b04
415,/Users/ck-intosh/Downloads/COMP_8157/Project/Project_work/raw_dataset/leaf_rust/LR_49.jpg,6e6c3838e490f8ce-21330704ffff7fc0
416,/Users/ck-intosh/Downloads/COMP_8157/Project/Project_work/raw_dataset/leaf_rust/LR_534.jpg,101c9a9bb1a5cad222f15c1a33250fd0
417,/Users/ck-intosh/Downloads/COMP_8157/Project/Project_work/raw_dataset/leaf_rust/LR_252.jpg,1b1e2c1973e343c3-c0153078f1a3faa
418,/Users/ck-intosh/Downloads/COMP_8157/Project/Project_work/raw_dataset/leaf_rust/LR_246.jpg,-67f39d9dd99b8d4c-7ee76639c0f7f520
419,/Users/ck-intosh/Downloads/COMP_8157/Project/Project_work/raw_dataset/leaf_rust/LR_1048.jpg,-34383c5c5753c7e05b0c0f5fd30fef2
420,/Users/ck-intosh/Downloads/COMP_8157/Project/Project_work/raw_dataset/leaf_rust/LR_520.jpg,23ad9a8ac85a5e590084303aafb35cff
421,/Users/ck-intosh/Downloads/COMP_8157/Project/Project_work/raw_dataset/leaf_rust/LR_1706.jpg,-46c4e4ed4eadc9d0-6a163787defc017f
422,/Users/ck-intosh/Downloads/COMP_8157/Project/Project_work/raw_dataset/leaf_rust/LR_508.jpg,1c353262cb1990ac38ff77668c1156ff
423,/Users/ck-intosh/Downloads/COMP_8157/Project/Project_work/raw_dataset/leaf_rust/LR_1060.jpg,-544c9da52997a657-441fb84c9132ce7
424,/Users/ck-intosh/Downloads/COMP_8157/Project/Project_work/raw_dataset/leaf_rust/LR_1074.jpg,-23d75645c1d3c5eb144ccbfe00803a65
425,/Users/ck-intosh/Downloads/COMP_8157/Project/Project_work/raw_dataset/leaf_rust/LR_1712.jpg,3452748a81264248245be4be1be70608
426,/Users/ck-intosh/Downloads/COMP_8157/Project/Project_work/raw_dataset/leaf_rust/LR_1062.jpg,0e4633084e6a4a450000f72710201afe
427,/Users/ck-intosh/Downloads/COMP_8157/Project/Project_work/raw_dataset/leaf_rust/LR_88.jpg,-3593431ff79bcedd-41320000fff30ef4
428,/Users/ck-intosh/Downloads/COMP_8157/Project/Project_work/raw_dataset/leaf_rust/LR_1704.jpg,335baf5bba76b8f5275f8450094ef8e5
429,/Users/ck-intosh/Downloads/COMP_8157/Project/Project_work/raw_dataset/leaf_rust/LR_1710.jpg,6261feff8c7973eb0c0f00c00ff970f0
430,/Users/ck-intosh/Downloads/COMP_8157/Project/Project_work/raw_dataset/leaf_rust/LR_278.jpg,-6c2e3e9e4de7e3ea3a179fcf87c3d930
431,/Users/ck-intosh/Downloads/COMP_8157/Project/Project_work/raw_dataset/leaf_rust/LR_1076.jpg,-6567252d3e4d5536-55c2c7ed3eefd335
432,/Users/ck-intosh/Downloads/COMP_8157/Project/Project_work/raw_dataset/leaf_rust/LR_250.jpg,53d370f26b32ec63091fe1f0ff37bdff
433,/Users/ck-intosh/Downloads/COMP_8157/Project/Project_work/raw_dataset/leaf_rust/LR_1738.jpg,63b5363c585a322143c126749dd87277
434,/Users/ck-intosh/Downloads/COMP_8157/Project/Project_work/raw_dataset/leaf_rust/LR_536.jpg,3b69352737ab77b33bdb994d36a8fcd3
435,/Users/ck-intosh/Downloads/COMP_8157/Project/Project_work/raw_dataset/leaf_rust/LR_522.jpg,54d820101028088865d8804f14ef671b
436,/Users/ck-intosh/Downloads/COMP_8157/Project/Project_work/raw_dataset/leaf_rust/LR_244.jpg,-1162e5416384ed27-3106a8fff7070101
437,/Users/ck-intosh/Downloads/COMP_8157/Project/Project_work/raw_dataset/leaf_rust/LR_293.jpg,34346c5c9898989a52e7ee6c10c06471
438,/Users/ck-intosh/Downloads/COMP_8157/Project/Project_work/raw_dataset/leaf_rust/LR_77.jpg,2d6d6d6d6d6d6c6e003555f32f6d0cff
439,/Users/ck-intosh/Downloads/COMP_8157/Project/Project_work/raw_dataset/leaf_rust/LR_63.jpg,3911b863cd2d4b952857b0039f6548ff
440,/Users/ck-intosh/Downloads/COMP_8157/Project/Project_work/raw_dataset/leaf_rust/LR_287.jpg,0b8b8bc36b6572937b7c3c9edaedc604
441,/Users/ck-intosh/Downloads/COMP_8157/Project/Project_work/raw_dataset/leaf_rust/LR_1089.jpg,717171717161f1f1-657da2269dd1f0c5
442,/Users/ck-intosh/Downloads/COMP_8157/Project/Project_work/raw_dataset/leaf_rust/LR_1506.jpg,-133a548985b226a340c5bf7f027c215f
443,/Users/ck-intosh/Downloads/COMP_8157/Project/Project_work/raw_dataset/leaf_rust/LR_708.jpg,68e4e1cfbaf181056088e3cff8e08307
444,/Users/ck-intosh/Downloads/COMP_8157/Project/Project_work/raw_dataset/leaf_rust/LR_1260.jpg,-6c33360c993344cf3f1c19f3eecc9a33
445,/Users/ck-intosh/Downloads/COMP_8157/Project/Project_work/raw_dataset/leaf_rust/LR_1274.jpg,2a2a23434a481c30-7fff5ff9ff70f060
446,/Users/ck-intosh/Downloads/COMP_8157/Project/Project_work/raw_dataset/leaf_rust/LR_1512.jpg,229194f0cc49f4b6-10fdc9d97f253ae0
447,/Users/ck-intosh/Downloads/COMP_8157/Project/Project_work/raw_dataset/leaf_rust/LR_734.jpg,61656161612121210081c00103010077
448,/Users/ck-intosh/Downloads/COMP_8157/Project/Project_work/raw_dataset/leaf_rust/LR_1248.jpg,3402988fe01c07fe-70000c3780ffc80
449,/Users/ck-intosh/Downloads/COMP_8157/Project/Project_work/raw_dataset/leaf_rust/LR_720.jpg,-3533113531393334-30261e34f799f800
450,/Users/ck-intosh/Downloads/COMP_8157/Project/Project_work/raw_dataset/leaf_rust/LR_913.jpg,139bd64ca9ab439f2023064021e146ff
451,/Users/ck-intosh/Downloads/COMP_8157/Project/Project_work/raw_dataset/leaf_rust/LR_907.jpg,-7adc35556cafa688-6218e3f47deffe0e
452,/Users/ck-intosh/Downloads/COMP_8157/Project/Project_work/raw_dataset/leaf_rust/LR_1472.jpg,5345d1aad695a6e5-18c3aa7fb92ce140
453,/Users/ck-intosh/Downloads/COMP_8157/Project/Project_work/raw_dataset/leaf_rust/LR_1314.jpg,21990d86697393b3-180c80e12699ff3c
454,/Users/ck-intosh/Downloads/COMP_8157/Project/Project_work/raw_dataset/leaf_rust/LR_1300.jpg,-7f3f3f195acdcdb830101bcec926a6ff
455,/Users/ck-intosh/Downloads/COMP_8157/Project/Project_work/raw_dataset/leaf_rust/LR_668.jpg,-13b72f2bbef67eeb24681294c50fbbff
456,/Users/ck-intosh/Downloads/COMP_8157/Project/Project_work/raw_dataset/leaf_rust/LR_1466.jpg,-14306060c1a34710e3c1d3972e5c080
457,/Users/ck-intosh/Downloads/COMP_8157/Project/Project_work/raw_dataset/leaf_rust/LR_898.jpg,-55555555555555560082a852482f1774
458,/Users/ck-intosh/Downloads/COMP_8157/Project/Project_work/raw_dataset/leaf_rust/LR_640.jpg,23ad9a8ac85a5e590084303aafb35cff
459,/Users/ck-intosh/Downloads/COMP_8157/Project/Project_work/raw_dataset/leaf_rust/LR_1328.jpg,6e9f57f2e2f5da930c881c1722fdf8f2
460,/Users/ck-intosh/Downloads/COMP_8157/Project/Project_work/raw_dataset/leaf_rust/LR_126.jpg,-50c70c57cff93c01-50043fff1fc3f8c0
461,/Users/ck-intosh/Downloads/COMP_8157/Project/Project_work/raw_dataset/leaf_rust/LR_132.jpg,-59df9ecc0d27535f1e094539029020ff
462,/Users/ck-intosh/Downloads/COMP_8157/Project/Project_work/raw_dataset/leaf_rust/LR_654.jpg,-252d1f1f3f5b1b8c30724260823f0fff
463,/Users/ck-intosh/Downloads/COMP_8157/Project/Project_work/raw_dataset/leaf_rust/LR_867.jpg,30383838b8f8f8f815002c142e32361a
464,/Users/ck-intosh/Downloads/COMP_8157/Project/Project_work/raw_dataset/leaf_rust/LR_873.jpg,699866b6b676151547b1400da262c495
465,/Users/ck-intosh/Downloads/COMP_8157/Project/Project_work/raw_dataset/leaf_rust/LR_683.jpg,-57575757575b5b3c1b2b7f312089a7bf
466,/Users/ck-intosh/Downloads/COMP_8157/Project/Project_work/raw_dataset/leaf_rust/LR_697.jpg,62a2b2f0723233515a29ae21d5e6364f
467,/Users/ck-intosh/Downloads/COMP_8157/Project/Project_work/raw_dataset/leaf_rust/LR_1499.jpg,-1d5e979f661dd6d2060718e491c7132c
468,/Users/ck-intosh/Downloads/COMP_8157/Project/Project_work/raw_dataset/leaf_rust/LR_1116.jpg,-e2b2babaa2828ab000088ff000000ff
469,/Users/ck-intosh/Downloads/COMP_8157/Project/Project_work/raw_dataset/leaf_rust/LR_318.jpg,2d6d6d6d6d6c6c6e003575f72f6d0cff
470,/Users/ck-intosh/Downloads/COMP_8157/Project/Project_work/raw_dataset/leaf_rust/LR_1670.jpg,-3333b3a373a32327419e8c40a62e7dd9
471,/Users/ck-intosh/Downloads/COMP_8157/Project/Project_work/raw_dataset/leaf_rust/LR_1664.jpg,-54941d04000797283f7b837f14bbe7fe
472,/Users/ck-intosh/Downloads/COMP_8157/Project/Project_work/raw_dataset/leaf_rust/LR_1102.jpg,4a9ab7a9acc59caa4d1ab64f3ac715ec
473,/Users/ck-intosh/Downloads/COMP_8157/Project/Project_work/raw_dataset/leaf_rust/LR_324.jpg,-1aecdd8c2a2d8fd4-3ec0009902f13f08
474,/Users/ck-intosh/Downloads/COMP_8157/Project/Project_work/raw_dataset/leaf_rust/LR_442.jpg,-46068283830b43c3-4804006981786113
475,/Users/ck-intosh/Downloads/COMP_8157/Project/Project_work/raw_dataset/leaf_rust/LR_456.jpg,7c2fb689f5624ca2-eb3dff0cf3c070a
476,/Users/ck-intosh/Downloads/COMP_8157/Project/Project_work/raw_dataset/leaf_rust/LR_1658.jpg,-58343232b7464ab-7f0186ef7b9efda5
477,/Users/ck-intosh/Downloads/COMP_8157/Project/Project_work/raw_dataset/leaf_rust/LR_330.jpg,-55a5b4358fe1e4e42fe1ffbf00c54299
478,/Users/ck-intosh/Downloads/COMP_8157/Project/Project_work/raw_dataset/leaf_rust/LR_481.jpg,7879795955bcae3a3d88e27b41010020
479,/Users/ck-intosh/Downloads/COMP_8157/Project/Project_work/raw_dataset/leaf_rust/LR_495.jpg,31351119bbbaaa3b5e6674450713ae02
480,/Users/ck-intosh/Downloads/COMP_8157/Project/Project_work/raw_dataset/leaf_rust/LR_494.jpg,38fcbca969efdae86343f40141e89208
481,/Users/ck-intosh/Downloads/COMP_8157/Project/Project_work/raw_dataset/leaf_rust/LR_480.jpg,76f8e8f0b1b0b2d267e228c04de030ff
482,/Users/ck-intosh/Downloads/COMP_8157/Project/Project_work/raw_dataset/leaf_rust/LR_1659.jpg,3199d94a6da2b3d174263fd248082e93
483,/Users/ck-intosh/Downloads/COMP_8157/Project/Project_work/raw_dataset/leaf_rust/LR_457.jpg,-6d6d6d6d6d6c6c6e-0604000e40000e6
484,/Users/ck-intosh/Downloads/COMP_8157/Project/Project_work/raw_dataset/leaf_rust/LR_331.jpg,565656d6d6d6d6d6481e525240404052
485,/Users/ck-intosh/Downloads/COMP_8157/Project/Project_work/raw_dataset/leaf_rust/LR_325.jpg,-a9c9e44d9cff374-7f0000e43ffff801
486,/Users/ck-intosh/Downloads/COMP_8157/Project/Project_work/raw_dataset/leaf_rust/LR_443.jpg,-6870f203073a0037-4f6100001ffecf20
487,/Users/ck-intosh/Downloads/COMP_8157/Project/Project_work/raw_dataset/leaf_rust/LR_1665.jpg,-17971796d7938bcc-599a7d1ffc55fe1d
488,/Users/ck-intosh/Downloads/COMP_8157/Project/Project_work/raw_dataset/leaf_rust/LR_1103.jpg,-464a4a4b0b9ecf20-2cee5dcb6bbede5e
489,/Users/ck-intosh/Downloads/COMP_8157/Project/Project_work/raw_dataset/leaf_rust/LR_319.jpg,00a4b494b4b4b4b6-03033a386600000
490,/Users/ck-intosh/Downloads/COMP_8157/Project/Project_work/raw_dataset/leaf_rust/LR_1117.jpg,-66eaca62d3e6baac0301f4076830e95f
491,/Users/ck-intosh/Downloads/COMP_8157/Project/Project_work/raw_dataset/leaf_rust/LR_1671.jpg,-2c66d1dcb93163f4-8ee0f809939e3c7
492,/Users/ck-intosh/Downloads/COMP_8157/Project/Project_work/raw_dataset/leaf_rust/LR_1498.jpg,0404041414140c0c0c1c080c14140010
493,/Users/ck-intosh/Downloads/COMP_8157/Project/Project_work/raw_dataset/leaf_rust/LR_696.jpg,5e3414b8f0cb0b31-5f2e8471f7bf5c8
494,/Users/ck-intosh/Downloads/COMP_8157/Project/Project_work/raw_dataset/leaf_rust/LR_682.jpg,5345d1aad685a6e5-18c3aa77b92ce140
495,/Users/ck-intosh/Downloads/COMP_8157/Project/Project_work/raw_dataset/leaf_rust/LR_872.jpg,7777713a6f9a737777ffff01ee0003ff
496,/Users/ck-intosh/Downloads/COMP_8157/Project/Project_work/raw_dataset/leaf_rust/LR_866.jpg,565656d6d6d6d6d6481e525240404052
497,/Users/ck-intosh/Downloads/COMP_8157/Project/Project_work/raw_dataset/leaf_rust/LR_133.jpg,-515311332323a7c817ecec0cb8fcd0f1
498,/Users/ck-intosh/Downloads/COMP_8157/Project/Project_work/raw_dataset/leaf_rust/LR_655.jpg,-55595969293b3a1f410aa0e0fefe7f1c
499,/Users/ck-intosh/Downloads/COMP_8157/Project/Project_work/raw_dataset/leaf_rust/LR_641.jpg,7252fabd7b78727a0e470f00b859c642
500,/Users/ck-intosh/Downloads/COMP_8157/Project/Project_work/raw_dataset/leaf_rust/LR_899.jpg,2a2b23262a0a4646007840e5e92112ff
501,/Users/ck-intosh/Downloads/COMP_8157/Project/Project_work/raw_dataset/leaf_rust/LR_127.jpg,093effffffe00fc8077cff0000ff00ff
502,/Users/ck-intosh/Downloads/COMP_8157/Project/Project_work/raw_dataset/leaf_rust/LR_1329.jpg,24e2eaeae8f938a10424040880821021
503,/Users/ck-intosh/Downloads/COMP_8157/Project/Project_work/raw_dataset/leaf_rust/LR_1301.jpg,-6e67e7af0f45d9dd1ff3ff7f80804867
504,/Users/ck-intosh/Downloads/COMP_8157/Project/Project_work/raw_dataset/leaf_rust/LR_1467.jpg,229194f0cc49f4b6-10fdc9d97f253ae0
505,/Users/ck-intosh/Downloads/COMP_8157/Project/Project_work/raw_dataset/leaf_rust/LR_669.jpg,4dcd2c3c70e282107c9f5ffc71e0821e
506,/Users/ck-intosh/Downloads/COMP_8157/Project/Project_work/raw_dataset/leaf_rust/LR_1473.jpg,-5b595b6dad4955e7-6719d24efcba7dcf
507,/Users/ck-intosh/Downloads/COMP_8157/Project/Project_work/raw_dataset/leaf_rust/LR_1315.jpg,56545555565555d72c423c7d421469e6
508,/Users/ck-intosh/Downloads/COMP_8157/Project/Project_work/raw_dataset/leaf_rust/LR_906.jpg,-5a0a3a9a9c8aaaeb-414d6e62501c3ebf
509,/Users/ck-intosh/Downloads/COMP_8157/Project/Project_work/raw_dataset/leaf_rust/LR_912.jpg,35351dc4704c574c-7a9806f11cf7a010
510,/Users/ck-intosh/Downloads/COMP_8157/Project/Project_work/raw_dataset/leaf_rust/LR_1249.jpg,7b6f4c68a8a9f4e67264d6ea3e3bf5a3
511,/Users/ck-intosh/Downloads/COMP_8157/Project/Project_work/raw_dataset/leaf_rust/LR_721.jpg,575d555555121313001a267f7d00007f
512,/Users/ck-intosh/Downloads/COMP_8157/Project/Project_work/raw_dataset/leaf_rust/LR_735.jpg,-5bab36de95a629a52344d8b00c03a4ff
513,/Users/ck-intosh/Downloads/COMP_8157/Project/Project_work/raw_dataset/leaf_rust/LR_1275.jpg,092b2b3543153613-6abf859a35661bc5
514,/Users/ck-intosh/Downloads/COMP_8157/Project/Project_work/raw_dataset/leaf_rust/LR_1513.jpg,68e4e1cfbaf181056088e3cff8e08307
515,/Users/ck-intosh/Downloads/COMP_8157/Project/Project_work/raw_dataset/leaf_rust/LR_709.jpg,-6a7a3e4a4b1f1608-61eebefe7ffffe01
516,/Users/ck-intosh/Downloads/COMP_8157/Project/Project_work/raw_dataset/leaf_rust/LR_1507.jpg,-26bfd556b488ccb6-6f68bd5eff770ae8
517,/Users/ck-intosh/Downloads/COMP_8157/Project/Project_work/raw_dataset/leaf_rust/LR_1261.jpg,23ad9a8ac85a5e590084303aafb35cff
518,/Users/ck-intosh/Downloads/COMP_8157/Project/Project_work/raw_dataset/leaf_rust/LR_62.jpg,-17971796d7938bcc-599a7d1ffc55fe1d
519,/Users/ck-intosh/Downloads/COMP_8157/Project/Project_work/raw_dataset/leaf_rust/LR_1088.jpg,21990d86697393b3-180c80e12699ff3c
520,/Users/ck-intosh/Downloads/COMP_8157/Project/Project_work/raw_dataset/leaf_rust/LR_286.jpg,-4b67563c3c2d4cee3500b0f8cacfa700
521,/Users/ck-intosh/Downloads/COMP_8157/Project/Project_work/raw_dataset/leaf_rust/LR_292.jpg,-66696b6b656d6579-66c55ef2c31ced4f
522,/Users/ck-intosh/Downloads/COMP_8157/Project/Project_work/raw_dataset/leaf_rust/LR_76.jpg,491891e265c61931-387fecd1e79e38f
523,/Users/ck-intosh/Downloads/COMP_8157/Project/Project_work/raw_dataset/leaf_rust/LR_523.jpg,6838f97b9bb37172-30c6d21f6665c8af
524,/Users/ck-intosh/Downloads/COMP_8157/Project/Project_work/raw_dataset/leaf_rust/LR_245.jpg,49d5d557546267e56b891877d01046ff
525,/Users/ck-intosh/Downloads/COMP_8157/Project/Project_work/raw_dataset/leaf_rust/LR_251.jpg,-54941d04000797283f7b837f14bbe7fe
526,/Users/ck-intosh/Downloads/COMP_8157/Project/Project_work/raw_dataset/leaf_rust/LR_537.jpg,4c6d753db8d35e56-65f73982867cffba
527,/Users/ck-intosh/Downloads/COMP_8157/Project/Project_work/raw_dataset/leaf_rust/LR_1739.jpg,7471e964eaebb1f9-239d44807f77c8c0
528,/Users/ck-intosh/Downloads/COMP_8157/Project/Project_work/raw_dataset/leaf_rust/LR_1711.jpg,-292386cd8a952d58-29f3b6cdca94295d
529,/Users/ck-intosh/Downloads/COMP_8157/Project/Project_work/raw_dataset/leaf_rust/LR_1077.jpg,-393d1e277a3485e5-62219084ce703f88
530,/Users/ck-intosh/Downloads/COMP_8157/Project/Project_work/raw_dataset/leaf_rust/LR_279.jpg,-5a0a3a9a9c8aaaeb-414d6e62501c3ebf
531,/Users/ck-intosh/Downloads/COMP_8157/Project/Project_work/raw_dataset/leaf_rust/LR_1063.jpg,-3c392bdbcbd7879-7fffdf7faebdfd01
532,/Users/ck-intosh/Downloads/COMP_8157/Project/Project_work/raw_dataset/leaf_rust/LR_1705.jpg,-676d67fafbbddf2000c432800842005d
533,/Users/ck-intosh/Downloads/COMP_8157/Project/Project_work/raw_dataset/leaf_rust/LR_89.jpg,6e3b5919788828e9-32d9314a9f208f01
534,/Users/ck-intosh/Downloads/COMP_8157/Project/Project_work/raw_dataset/stem_rust/SR_304.jpg,-45454dd9ee656c65533bb3c67d2ac490
535,/Users/ck-intosh/Downloads/COMP_8157/Project/Project_work/raw_dataset/stem_rust/SR_310.jpg,4c49dacececeeeec007f715b5458c8c8
536,/Users/ck-intosh/Downloads/COMP_8157/Project/Project_work/raw_dataset/stem_rust/SR_338.jpg,-796c446666c7c760000000020810100
537,/Users/ck-intosh/Downloads/COMP_8157/Project/Project_work/raw_dataset/stem_rust/SR_106.jpg,73db5ada36254a86670100d2fca57a0c
538,/Users/ck-intosh/Downloads/COMP_8157/Project/Project_work/raw_dataset/stem_rust/SR_112.jpg,-727a694bcacbcc94-3ff0e0d23d060df3
539,/Users/ck-intosh/Downloads/COMP_8157/Project/Project_work/raw_dataset/stem_rust/SR_270.jpg,13bf9796af8c8eaf50a10a01200113ec
540,/Users/ck-intosh/Downloads/COMP_8157/Project/Project_work/raw_dataset/stem_rust/SR_264.jpg,-5546733193911515-419cc6e1ffffdf73
541,/Users/ck-intosh/Downloads/COMP_8157/Project/Project_work/raw_dataset/stem_rust/SR_258.jpg,2864046626d4c4b4-443876f0819f7180
542,/Users/ck-intosh/Downloads/COMP_8157/Project/Project_work/raw_dataset/stem_rust/SR_18.jpg,-474e6eaec697afc70000000431000551
543,/Users/ck-intosh/Downloads/COMP_8157/Project/Project_work/raw_dataset/stem_rust/SR_30.jpg,79c252494b7332d60120169d4bc8231e
544,/Users/ck-intosh/Downloads/COMP_8157/Project/Project_work/raw_dataset/stem_rust/SR_24.jpg,-38982e4c8d0e0e0d-6713eac4e01ffc18
545,/Users/ck-intosh/Downloads/COMP_8157/Project/Project_work/raw_dataset/stem_rust/SR_25.jpg,-44c6535274e6504b-65c8bf727dec7517
546,/Users/ck-intosh/Downloads/COMP_8157/Project/Project_work/raw_dataset/stem_rust/SR_31.jpg,5c54545c5c341f1e00020080c2a503b4
547,/Users/ck-intosh/Downloads/COMP_8157/Project/Project_work/raw_dataset/stem_rust/SR_19.jpg,0e6e2f6767cfce2f0052082067f78e0c
548,/Users/ck-intosh/Downloads/COMP_8157/Project/Project_work/raw_dataset/stem_rust/SR_259.jpg,28edecf645d454d5200d2ba0408c4216
549,/Users/ck-intosh/Downloads/COMP_8157/Project/Project_work/raw_dataset/stem_rust/SR_265.jpg,6683f0f1d5b1f81f-10e0bd7f27f83e90
550,/Users/ck-intosh/Downloads/COMP_8157/Project/Project_work/raw_dataset/stem_rust/SR_271.jpg,387e5d4d59487db601f07f807fc0017d
551,/Users/ck-intosh/Downloads/COMP_8157/Project/Project_work/raw_dataset/stem_rust/SR_113.jpg,17c52dcd0e84c8d0701fffc3f01608d1
552,/Users/ck-intosh/Downloads/COMP_8157/Project/Project_work/raw_dataset/stem_rust/SR_107.jpg,6459c5e445d551d3-3b84ee5b9306a2ab
553,/Users/ck-intosh/Downloads/COMP_8157/Project/Project_work/raw_dataset/stem_rust/SR_339.jpg,-7f0fc7432bb18d2d000000318008647a
554,/Users/ck-intosh/Downloads/COMP_8157/Project/Project_work/raw_dataset/stem_rust/SR_311.jpg,-3bdacaaadad4739a0008208140261900
555,/Users/ck-intosh/Downloads/COMP_8157/Project/Project_work/raw_dataset/stem_rust/SR_305.jpg,181aab368cd9d989-26ed2099fff60f75
556,/Users/ck-intosh/Downloads/COMP_8157/Project/Project_work/raw_dataset/stem_rust/SR_313.jpg,-2a2b372b95b5a99c-2c8742f5e05ec00
557,/Users/ck-intosh/Downloads/COMP_8157/Project/Project_work/raw_dataset/stem_rust/SR_307.jpg,21a0b06020f0a020-03c48f7d8e9eee8
558,/Users/ck-intosh/Downloads/COMP_8157/Project/Project_work/raw_dataset/stem_rust/SR_111.jpg,4c4b59525d2533190000018218004018
559,/Users/ck-intosh/Downloads/COMP_8157/Project/Project_work/raw_dataset/stem_rust/SR_105.jpg,355ceae2ab76f6f6-18a70f3cfefc1b3c
560,/Users/ck-intosh/Downloads/COMP_8157/Project/Project_work/raw_dataset/stem_rust/SR_139.jpg,-233f6e1a9a922326594812831c0301b0
561,/Users/ck-intosh/Downloads/COMP_8157/Project/Project_work/raw_dataset/stem_rust/SR_267.jpg,004d692b65252d0f000089f24007207f
562,/Users/ck-intosh/Downloads/COMP_8157/Project/Project_work/raw_dataset/stem_rust/SR_273.jpg,-3b398c8cd0d91a97-7ef3de3d06c1f0d5
563,/Users/ck-intosh/Downloads/COMP_8157/Project/Project_work/raw_dataset/stem_rust/SR_27.jpg,-39b0b25b88d43232-7b3deff7e898ceba
564,/Users/ck-intosh/Downloads/COMP_8157/Project/Project_work/raw_dataset/stem_rust/SR_298.jpg,0a0a4e4e4f4f2d2b-3a4df187fdfba3e0
565,/Users/ck-intosh/Downloads/COMP_8157/Project/Project_work/raw_dataset/stem_rust/SR_33.jpg,6ea222b4d9c9283c798c4eaef1836b7b
566,/Users/ck-intosh/Downloads/COMP_8157/Project/Project_work/raw_dataset/stem_rust/SR_32.jpg,5fafdf8e8fcfafbf7eaac10bb7dfaefc
567,/Users/ck-intosh/Downloads/COMP_8157/Project/Project_work/raw_dataset/stem_rust/SR_299.jpg,-4958d89aca28d819-4f1b4014cf6e88e0
568,/Users/ck-intosh/Downloads/COMP_8157/Project/Project_work/raw_dataset/stem_rust/SR_26.jpg,25647261694b52a2284d10e3e87bd70e
569,/Users/ck-intosh/Downloads/COMP_8157/Project/Project_work/raw_dataset/stem_rust/SR_272.jpg,-4eca5386749795460001006012174824
570,/Users/ck-intosh/Downloads/COMP_8157/Project/Project_work/raw_dataset/stem_rust/SR_266.jpg,04e8dc6c6709696100000019c0103e65
571,/Users/ck-intosh/Downloads/COMP_8157/Project/Project_work/raw_dataset/stem_rust/SR_138.jpg,000ecfce4f0f07a7000000000008181e
572,/Users/ck-intosh/Downloads/COMP_8157/Project/Project_work/raw_dataset/stem_rust/SR_104.jpg,-194bc7d54b530acb068cf102e00000f0
573,/Users/ck-intosh/Downloads/COMP_8157/Project/Project_work/raw_dataset/stem_rust/SR_110.jpg,4b4b12236b3a3d6c-7ba423f3f31c0094
574,/Users/ck-intosh/Downloads/COMP_8157/Project/Project_work/raw_dataset/stem_rust/SR_306.jpg,-4eca5386749795460001006012174824
575,/Users/ck-intosh/Downloads/COMP_8157/Project/Project_work/raw_dataset/stem_rust/SR_312.jpg,-7cbe7eb7e77796cc-4f91e930abe7379a
576,/Users/ck-intosh/Downloads/COMP_8157/Project/Project_work/raw_dataset/stem_rust/SR_316.jpg,430b22a0795bc38e-1000e0fb7f8ff8c3
577,/Users/ck-intosh/Downloads/COMP_8157/Project/Project_work/raw_dataset/stem_rust/SR_302.jpg,-2c6c4c6d2d8d0cc9741b27b3046280c1
578,/Users/ck-intosh/Downloads/COMP_8157/Project/Project_work/raw_dataset/stem_rust/SR_128.jpg,-6d6caccc4c5d4ddc-77e4afeffe7f1890
579,/Users/ck-intosh/Downloads/COMP_8157/Project/Project_work/raw_dataset/stem_rust/SR_114.jpg,-194bc7d54b530acb068cf102e00000f0
580,/Users/ck-intosh/Downloads/COMP_8157/Project/Project_work/raw_dataset/stem_rust/SR_100.jpg,7252fabd7b78727a0e470f00b859c642
581,/Users/ck-intosh/Downloads/COMP_8157/Project/Project_work/raw_dataset/stem_rust/SR_262.jpg,67e58d8fd74e4676-1d1ff6f67f8377b2
582,/Users/ck-intosh/Downloads/COMP_8157/Project/Project_work/raw_dataset/stem_rust/SR_276.jpg,4c53131519958406-2724ddebb60c6eee
583,/Users/ck-intosh/Downloads/COMP_8157/Project/Project_work/raw_dataset/stem_rust/SR_22.jpg,-1626978b8a878f8c00800b0807f80145
584,/Users/ck-intosh/Downloads/COMP_8157/Project/Project_work/raw_dataset/stem_rust/SR_289.jpg,-4c2c5556564e531721c2b20e49f33cc9
585,/Users/ck-intosh/Downloads/COMP_8157/Project/Project_work/raw_dataset/stem_rust/SR_36.jpg,7371b5b475b590d563424b90746d92f3
586,/Users/ck-intosh/Downloads/COMP_8157/Project/Project_work/raw_dataset/stem_rust/SR_37.jpg,5bc7c5fab0f253db71fe4f0069e74455
587,/Users/ck-intosh/Downloads/COMP_8157/Project/Project_work/raw_dataset/stem_rust/SR_288.jpg,6737b8bfa32c575c-3fc03ec378d7fd84
588,/Users/ck-intosh/Downloads/COMP_8157/Project/Project_work/raw_dataset/stem_rust/SR_23.jpg,-44c6535274e6504b-65c8bf727dec7517
589,/Users/ck-intosh/Downloads/COMP_8157/Project/Project_work/raw_dataset/stem_rust/SR_277.jpg,-34529658d05c5c151bf843e45c1f26bf
590,/Users/ck-intosh/Downloads/COMP_8157/Project/Project_work/raw_dataset/stem_rust/SR_263.jpg,-692460226242424a2450125c1c093161
591,/Users/ck-intosh/Downloads/COMP_8157/Project/Project_work/raw_dataset/stem_rust/SR_101.jpg,6a9c9aa6a62a95b5-31dfad3f60d569cf
592,/Users/ck-intosh/Downloads/COMP_8157/Project/Project_work/raw_dataset/stem_rust/SR_115.jpg,27731c19a4954657-5398f38cb3ce37f0
593,/Users/ck-intosh/Downloads/COMP_8157/Project/Project_work/raw_dataset/stem_rust/SR_129.jpg,58d49c341556a9a950cf90e001508ca1
594,/Users/ck-intosh/Downloads/COMP_8157/Project/Project_work/raw_dataset/stem_rust/SR_303.jpg,53b3d3d97a3ab99d50254694c02221b1
595,/Users/ck-intosh/Downloads/COMP_8157/Project/Project_work/raw_dataset/stem_rust/SR_317.jpg,34311a1486a0f1d1-30da95ac61d39779
596,/Users/ck-intosh/Downloads/COMP_8157/Project/Project_work/raw_dataset/stem_rust/SR_329.jpg,58d49c341556a9a950cf90e001508ca1
597,/Users/ck-intosh/Downloads/COMP_8157/Project/Project_work/raw_dataset/stem_rust/SR_301.jpg,242d8fb7bbfcc28700643fffbe708016
598,/Users/ck-intosh/Downloads/COMP_8157/Project/Project_work/raw_dataset/stem_rust/SR_315.jpg,-26184d554cac8d26-ef0edf75dee8e64
599,/Users/ck-intosh/Downloads/COMP_8157/Project/Project_work/raw_dataset/stem_rust/SR_103.jpg,37070704a02fb9b9-f011f00fff3e041
600,/Users/ck-intosh/Downloads/COMP_8157/Project/Project_work/raw_dataset/stem_rust/SR_117.jpg,-77e385ada71ceacf031c71fef0020473
601,/Users/ck-intosh/Downloads/COMP_8157/Project/Project_work/raw_dataset/stem_rust/SR_249.jpg,-5f555c0f9b0c1d5a07e0bf007c01cbd6
602,/Users/ck-intosh/Downloads/COMP_8157/Project/Project_work/raw_dataset/stem_rust/SR_275.jpg,551d71b3b33a76bd011c09e7a53b06e8
603,/Users/ck-intosh/Downloads/COMP_8157/Project/Project_work/raw_dataset/stem_rust/SR_261.jpg,54dd4ccec6ada9b2411a5140c00c092e
604,/Users/ck-intosh/Downloads/COMP_8157/Project/Project_work/raw_dataset/stem_rust/SR_35.jpg,-333b784d0921689a4000000267003226
605,/Users/ck-intosh/Downloads/COMP_8157/Project/Project_work/raw_dataset/stem_rust/SR_21.jpg,3eaa2a266aeb22367596c835780bc3c0
606,/Users/ck-intosh/Downloads/COMP_8157/Project/Project_work/raw_dataset/stem_rust/SR_20.jpg,-2d2d2d2525141415-484168e6efefee20
607,/Users/ck-intosh/Downloads/COMP_8157/Project/Project_work/raw_dataset/stem_rust/SR_34.jpg,-45554e1c4c4d4869-fd7feb7f47d0fd0
608,/Users/ck-intosh/Downloads/COMP_8157/Project/Project_work/raw_dataset/stem_rust/SR_260.jpg,34311a1486a0f1d1-30da95ac61d39779
609,/Users/ck-intosh/Downloads/COMP_8157/Project/Project_work/raw_dataset/stem_rust/SR_274.jpg,6474e4d4d4d5ddd5-748f93f9f13b978f
610,/Users/ck-intosh/Downloads/COMP_8157/Project/Project_work/raw_dataset/stem_rust/SR_248.jpg,4666646566745551-64a9f376b11f92bf
611,/Users/ck-intosh/Downloads/COMP_8157/Project/Project_work/raw_dataset/stem_rust/SR_116.jpg,5ad3939295d53671688aef3aa3993ef7
